posting_id,tipo,precio,m2,precio_m2,ambientes,dormitorios,zona,direccion,visibilidad,lat,lon,url,fuente
60351717,Departamento,700000,55,12727,2,1,General San Martín,Pueyrredon 3559 4°D,EXACT,-34.573711,-58.53903689999999,https://www.zonaprop.com.ar/propiedades/clasificado/alclapin-amplio-2-ambientes-en-el-centro-de-san-martin-60351717.html,Zonaprop
59633602,Departamento,760000,64,11875,3,2,San Martín Centro,Doctor Ramón Carrillo 2241,EXACT,-34.5750047,-58.5391917,https://www.zonaprop.com.ar/propiedades/clasificado/alclapin-depto-de-3-ambientes-de-64-m-sup2--muy-luminoso-al-59633602.html,Zonaprop
60179024,Departamento,800000,61,13115,3,2,San Martín Centro,Oscar Salguero 2194,EXACT,-34.575164099999995,-58.53815319999999,https://www.zonaprop.com.ar/propiedades/clasificado/alclapin-3-amb-centro-de-san-martin-c-cochera-60179024.html,Zonaprop
60168453,Departamento,850000,81,10494,3,2,José León Suárez,Artigas 6815 Piso 7 Departamento D,EXACT,-34.514724699999995,-58.583915700000006,https://www.zonaprop.com.ar/propiedades/clasificado/alclapin-departamento-3-ambientes-a-estrenar-en-alquiler!-60168453.html,Zonaprop
59713315,Departamento,550000,42,13095,2,1,General San Martín,Mitre 4100,EXACT,-34.5795545,-58.5414045,https://www.zonaprop.com.ar/propiedades/clasificado/alclapin-departamento-2-ambientes-en-general-san-martin-59713315.html,Zonaprop
60166262,Departamento,800000,54,14815,2,1,San Martín Centro,Ayacucho al 2100,EXACT,-34.5736363846,-58.5350639939,https://www.zonaprop.com.ar/propiedades/clasificado/alclapin-departamento-en-alquiler-san-martin-centro-60166262.html,Zonaprop
60363797,Departamento,1890000,160,11812,4,2,San Martín Centro,Tucuman 2153- 11°b,EXACT,-34.5771825417,-58.5400496562,https://www.zonaprop.com.ar/propiedades/clasificado/alclapin-alquiler-departamento-4-ambientes-san-martin-ctro-60363797.html,Zonaprop
60042793,Departamento,750000,59,12712,2,1,Villa Ballester,Cordoba 4532,EXACT,-34.5512150949,-58.5524197493,https://www.zonaprop.com.ar/propiedades/clasificado/alclapin-departamento-2-ambientes-60042793.html,Zonaprop
59876903,Departamento,950000,83,11446,4,3,San Martín Centro,San Lorenzo 2452,EXACT,-34.574127,-58.5424413,https://www.zonaprop.com.ar/propiedades/clasificado/alclapin-depto-de-4-amb.-san-martin-centro-59876903.html,Zonaprop
60304326,Departamento,780000,60,13000,2,1,Villa Ballester,Witcomb  al 2800,EXACT,-34.5524556,-58.5526009,https://www.zonaprop.com.ar/propiedades/clasificado/alclapin-alquiler-departamento-2-ambientes-villa-ballester-60304326.html,Zonaprop
58027972,Departamento,470000,33,14242,1,,San Martín Centro,Caseros 2191,EXACT,-34.5775405,-58.5411405,https://www.zonaprop.com.ar/propiedades/clasificado/alclapin-departamento-de-33-m-sup2--en-alquiler-en-san-martin-58027972.html,Zonaprop
60191194,Departamento,600000,42,14286,2,1,Villa Ballester,Libertad al 5100,EXACT,-34.5434112,-58.552388,https://www.zonaprop.com.ar/propiedades/clasificado/alclapin-alquiler-departamento-2-ambientes-en-planta-baja-60191194.html,Zonaprop
60193809,Departamento,600000,45,13333,3,2,José León Suárez,Santa Cruz al 2800,EXACT,-34.53611394776379,-58.57307622939567,https://www.zonaprop.com.ar/propiedades/clasificado/alclapin-departamento-en-alquiler-3-ambientes-jose-leon-60193809.html,Zonaprop
60113655,Departamento,900000,60,15000,3,2,Villa Ballester,Alvear al 2200,EXACT,-34.5462656,-58.5502973,https://www.zonaprop.com.ar/propiedades/clasificado/alclapin-departamento-en-villa-ballester-60113655.html,Zonaprop
58035139,Departamento,750000,60,12500,3,2,Villa Ballester,San Pedro 4400,EXACT,-34.5605713,-58.5636364,https://www.zonaprop.com.ar/propiedades/clasificado/alclapin-duplex-3-ambientes-villa-ballester-58035139.html,Zonaprop
60138483,Departamento,1100000,100,11000,3,2,Villa Ballester,Artigas 5300,EXACT,-34.54899979,-58.56320953,https://www.zonaprop.com.ar/propiedades/clasificado/alclapin-duplex-3-ambientes-con-cochera-patio-y-parrilla-60138483.html,Zonaprop
60244940,Departamento,800000,65,12308,3,2,Villa Ballester,Independencia 5600,EXACT,-34.5450058,-58.56190109,https://www.zonaprop.com.ar/propiedades/clasificado/alclapin-departamento-3-ambientes.-excelente-ubicacion-60244940.html,Zonaprop
58621627,Departamento,2500000,226,11062,7,4,Villa Ballester,Catamarca al 4500,EXACT,-34.5476267,-58.5479232,https://www.zonaprop.com.ar/propiedades/clasificado/alclapin-departamento-a-estrenar-de-4-dorm.-en-el-centro-de-58621627.html,Zonaprop
60118599,Departamento,650000,49,13265,2,1,Villa Ballester,Lacroze 4697,EXACT,-34.5494109,-58.552502100000005,https://www.zonaprop.com.ar/propiedades/clasificado/alclapin-alquiler-de-excelente-departamento-2-ambientes-en-el-60118599.html,Zonaprop
60304361,Departamento,800000,56,14286,2,1,Villa Ballester,Boulevard Ballester 4890,EXACT,-34.5476191,-58.5529791,https://www.zonaprop.com.ar/propiedades/clasificado/alclapin-alquiler-departamento-de-2-ambientes-60304361.html,Zonaprop
60051747,Departamento,530000,40,13250,2,1,Villa Ballester,San Lorenzo 4190,EXACT,-34.5630415,-58.55910389999999,https://www.zonaprop.com.ar/propiedades/clasificado/alclapin-departamento-2-ambientes-villa-ballester-60051747.html,Zonaprop
60304345,Departamento,615000,43,14302,2,1,Villa Ballester,Lacroze 4735,EXACT,-34.5491378,-58.5526084,https://www.zonaprop.com.ar/propiedades/clasificado/alclapin-alquiler-departamento-2-ambientes-centro-villa-60304345.html,Zonaprop
60288763,Departamento,750000,60,12500,3,2,Villa Libertad,Libertad al 5500,EXACT,-34.5824593,-58.5591908,https://www.zonaprop.com.ar/propiedades/clasificado/alclapin-departamento-3-ambientes-con-patio-en-villa-libertad-60288763.html,Zonaprop
60048555,Departamento,700000,49,14286,3,2,General San Martín,Belgrano 3900,EXACT,-34.578643,-58.538067,https://www.zonaprop.com.ar/propiedades/clasificado/alclapin-departamento-en-alquiler-en-san-martin-g.-b.-a.-zona-60048555.html,Zonaprop
60087286,Departamento,600000,41,14634,1,,Villa Maipu,Perdriel 2895,EXACT,-34.5752441,-58.52631510000001,https://www.zonaprop.com.ar/propiedades/clasificado/alclapin-monoambiente-en-alquiler-general-san-martin-60087286.html,Zonaprop
60223915,Departamento,750000,52,14423,2,1,Villa Ballester,Witcomb al 2600,EXACT,-34.5515192012,-58.5513401445,https://www.zonaprop.com.ar/propiedades/clasificado/alclapin-departamento-2-ambientes-villa-ballester-alquiler-60223915.html,Zonaprop
60052035,Departamento,540000,45,12000,2,1,Villa Ballester,Pueyrredón 2447,EXACT,-34.5486192,-58.5507442,https://www.zonaprop.com.ar/propiedades/clasificado/alclapin-departamento-2-ambientes-villa-ballester-centro-60052035.html,Zonaprop
60402867,Departamento,620000,42,14762,2,1,Villa Ballester,Pacífico Rodríguez  al 4900 Entre Alvear y Lavalle,EXACT,-34.5488348,-58.5546948,https://www.zonaprop.com.ar/propiedades/clasificado/alclapin-departamento-en-alquiler-2-ambientes-villa-ballester-60402867.html,Zonaprop
60377851,Departamento,600000,58,10345,2,1,San Andrés,Italia al 300,EXACT,-34.5412543,-58.530771,https://www.zonaprop.com.ar/propiedades/clasificado/alclapin-departamento-de-2-ambientes-en-planta-baja-con-patio-60377851.html,Zonaprop
60109858,Departamento,800000,55,14545,3,2,Villa Ballester,Moreno 1600,EXACT,-34.5331192,-58.55712891,https://www.zonaprop.com.ar/propiedades/clasificado/alclapin-muy-lindo-departamento-3-ambientes-por-escalera-60109858.html,Zonaprop
59746854,Departamento,1100000,95,11579,4,3,Billinghurst,MORENO 4371,EXACT,-34.5824926,-58.5410732,https://www.zonaprop.com.ar/propiedades/clasificado/alclapin-amplio-depto-de-4-amb.-c-patio-y-balcon-59746854.html,Zonaprop
59476747,Departamento,750000,70,10714,3,2,Villa Lynch,PERDRIEL 4489,EXACT,-34.585817,-58.53881099999999,https://www.zonaprop.com.ar/propiedades/clasificado/alclapin-alquiler-depto-3-amb-san-martin-59476747.html,Zonaprop
53254539,Departamento,400000,29,13793,1,1,General San Martín,Primera Junta 2400. Entre Anastacio Gonzalez,EXACT,-32.9688063,-60.6412165,https://www.zonaprop.com.ar/propiedades/clasificado/alclapin-departamento-1-ambiente.-primera-junta-al-2400-53254539.html,Zonaprop
59680540,Departamento,295000,26,11346,1,,General San Martín,"La Crujía 4938, Villa Juan Martín de Pueyrredón, Provincia de Buenos Aires, Argentina",EXACT,-34.5776772347,-58.5564132074,https://www.zonaprop.com.ar/propiedades/clasificado/alclapin-monoambiente-en-venta-en-villa-juan-martin-de-59680540.html,Zonaprop
58553951,Departamento,350000,35,10000,1,,General San Martín,Segunda Rivadavia al 2800,EXACT,-34.5801957073,-58.5586537827,https://www.zonaprop.com.ar/propiedades/clasificado/alclapin-alquiler-departamento-monoambiente-en-v.-libertad-58553951.html,Zonaprop
60263710,Departamento,900000,65,13846,3,2,Villa Maipu,Marcelo Torcuato de Alvear 1600,EXACT,-34.5676862,-58.516687,https://www.zonaprop.com.ar/propiedades/clasificado/alclapin-alquiler-depto-3-amb-villa-maipu-centro-exc-ubicac-60263710.html,Zonaprop
58945970,Departamento,600000,60,10000,3,2,General San Martín,Rogelio Vidal al 6100,EXACT,-34.5898387,-58.5617192,https://www.zonaprop.com.ar/propiedades/clasificado/alclapin-alquiler-departamento-3-ambientes-en-v.-libertad-58945970.html,Zonaprop
60381537,Departamento,580000,45,12889,2,1,Villa Maipu,Rivadavia 2700,EXACT,-34.5676732,-58.5334901,https://www.zonaprop.com.ar/propiedades/clasificado/alclapin-departamento-2-amb-en-alquiler-villa-maipu-60381537.html,Zonaprop
60154031,Departamento,550000,50,11000,2,1,José León Suárez,Virrey Cisneros al 8400,EXACT,-34.5171486,-58.5743563,https://www.zonaprop.com.ar/propiedades/clasificado/alclapin-alquiler-departamento-2-ambientes-en-jose-leon-suarez-60154031.html,Zonaprop
60380057,Departamento,800000,54,14815,2,1,Villa Ballester,Pacífico Rodríguez 5100,EXACT,-34.547071395382,-58.557289838791,https://www.zonaprop.com.ar/propiedades/clasificado/alclapin-departamento-de-2-ambientes-y-medio-con-cochera-60380057.html,Zonaprop
60159469,Departamento,450000,42,10714,1,,Villa Libertad,Triunvirato al 3000,EXACT,-34.5861249293,-58.568598032,https://www.zonaprop.com.ar/propiedades/clasificado/alclapin-alquiler-departamento-monoambiente-amplio-en-v.-60159469.html,Zonaprop
60262445,Departamento,730000,54,13519,2,1,San Martín Centro,Oscar Salguero 2500,EXACT,-34.5721095,-58.5417818,https://www.zonaprop.com.ar/propiedades/clasificado/alclapin-departamento-de-2-ambientes-con-lavadero-y-balcon-60262445.html,Zonaprop
59962332,Departamento,500000,40,12500,1,,San Martín Centro,Liniers  al 1800,EXACT,-34.5814822,-58.5382864,https://www.zonaprop.com.ar/propiedades/clasificado/alclapin-alquiler-monoambiente-c-balcon-san-martin-59962332.html,Zonaprop
59846157,Departamento,630000,60,10500,3,2,Villa Libertad,Av. Presidente Peron al 5800,EXACT,-34.5866484951,-58.5603831695,https://www.zonaprop.com.ar/propiedades/clasificado/alclapin-alquiler-departamento-3-ambientes-en-v.-libertad-59846157.html,Zonaprop
60159207,Departamento,750000,60,12500,3,2,José León Suárez,Virrey Cisneros al 8400,EXACT,-34.5171486,-58.5743563,https://www.zonaprop.com.ar/propiedades/clasificado/alclapin-alquiler-departamento-3-ambientes-en-jose-leon-suarez-60159207.html,Zonaprop
60110200,Departamento,1390000,125,11120,5,4,General San Martín,República e/ Alvear y Lavalle,EXACT,-34.5618081,-58.5227538,https://www.zonaprop.com.ar/propiedades/clasificado/alclapin-departamento-en-alquiler-4-dorm.-1-bano-125-m-60110200.html,Zonaprop
59741849,Departamento,950000,90,10556,4,3,José León Suárez,Alcorta al 6600,EXACT,-34.5267014,-58.5581738,https://www.zonaprop.com.ar/propiedades/clasificado/alclapin-departamento-4-ambientes-en-alquiler-en-chilavert-59741849.html,Zonaprop
60005740,Departamento,600000,45,13333,1,,Villa Lynch,Alsina  al 1900,EXACT,-34.5827366,-58.5416254,https://www.zonaprop.com.ar/propiedades/clasificado/alclapin-departamento-en-villa-lynch-60005740.html,Zonaprop
60114446,Departamento,800000,58,13793,3,2,Villa Ballester,Marengo 4529,EXACT,-34.5517328,-58.55312069999999,https://www.zonaprop.com.ar/propiedades/clasificado/alclapin-ph-de-3-ambientes-con-2-patios-y-lavadero-60114446.html,Zonaprop
59720478,Departamento,480000,44,10909,1,,Villa Ballester,Belgrano  al 6200,EXACT,-34.5812135,-58.5415487,https://www.zonaprop.com.ar/propiedades/clasificado/alclapin-departamento-en-villa-ballester-59720478.html,Zonaprop
59685897,Departamento,630000,45,14000,2,1,General San Martín,Tucuman al 2500,EXACT,-34.574094,-58.5440556,https://www.zonaprop.com.ar/propiedades/clasificado/alclapin-departamento-general-san-martin-59685897.html,Zonaprop
60376871,Departamento,450000,35,12857,2,1,José León Suárez,Buenos Aires al 7500,EXACT,-34.5431637814,-58.5902048571,https://www.zonaprop.com.ar/propiedades/clasificado/alclapin-departamento-de-dos-ambientes-en-alquiler-en-jose-leon-60376871.html,Zonaprop
60277178,Departamento,480000,39,12308,1,,Villa Ballester,Lacroze  4672 2°F,EXACT,-34.54956436,-58.55247116,https://www.zonaprop.com.ar/propiedades/clasificado/alclapin-alquier-monoambiente-1-ambiente-centro-villa-ballester-60277178.html,Zonaprop
60051767,Departamento,650000,51,12745,2,1,Villa Ballester,Enrique Marengo 4500,EXACT,-34.5520371,-58.55310470000001,https://www.zonaprop.com.ar/propiedades/clasificado/alclapin-departamento-de-2-ambientes-en-alquiler-en-villa-60051767.html,Zonaprop
59674052,Departamento,650000,44,14773,2,1,Villa Ballester,Mar Del Plata 2900,EXACT,-34.5422242337,-58.5678282446,https://www.zonaprop.com.ar/propiedades/clasificado/alclapin-departamento-2-ambientes-en-villa-ballester-59674052.html,Zonaprop
59971603,Departamento,700000,55,12727,3,2,San Martín Centro,Sarmiento  al 1800,EXACT,-34.5766933,-58.5330484,https://www.zonaprop.com.ar/propiedades/clasificado/alclapin-departamento-3-amb-al-contrafrente-con-balcon!-59971603.html,Zonaprop
58802695,Departamento,650000,48,13542,2,1,San Martín Centro,LINCOLN 3709. Entre Intendente campos y San martin,EXACT,-24.1866378,-65.3018322,https://www.zonaprop.com.ar/propiedades/clasificado/alclapin-alquiler-departamento-2-ambientes-en-san-martin-58802695.html,Zonaprop
59958185,Departamento,450000,35,12857,2,1,San Martín Centro,Salguero al 2154,EXACT,-34.5754119,-58.5378782,https://www.zonaprop.com.ar/propiedades/clasificado/alclapin-departamento-2-ambientes-alquiler-san-martin-59958185.html,Zonaprop
60345144,Departamento,500000,36,13889,1,1,Villa Ballester,Lacroze 4652,EXACT,-34.55,-58.552,https://www.zonaprop.com.ar/propiedades/clasificado/alclapin-alquiler-departamento-en-villa-ballester-60345144.html,Zonaprop
60097739,Departamento,650000,45,14444,2,1,Villa Ballester,Republica al 4900,EXACT,-34.5458736,-58.5518724,https://www.zonaprop.com.ar/propiedades/clasificado/alclapin-reservado-hermoso-depto.-2-ambientes-con-cochera-en-60097739.html,Zonaprop
59023564,Departamento,550000,40,13750,1,1,General San Martín,Riobamba al 2300,EXACT,-34.5710557,-58.536784,https://www.zonaprop.com.ar/propiedades/clasificado/alclapin-departamento-san-martin-59023564.html,Zonaprop
59122702,Departamento,750000,60,12500,3,2,Villa Ballester,RECONQUISTA 2919. Entre Profesor aguer y San martin,EXACT,-34.54352239817508,-58.566205501556404,https://www.zonaprop.com.ar/propiedades/clasificado/alclapin-alquiler-3-ambientes-59122702.html,Zonaprop
60357107,Departamento,650000,46,14130,2,1,San Martín Centro,Ayacucho 2200,EXACT,-34.5726494,-58.5362214,https://www.zonaprop.com.ar/propiedades/clasificado/alclapin-alquiler-departamento-2-amb-san-martin-centro-60357107.html,Zonaprop
54250828,Departamento,550000,50,11000,2,1,José León Suárez,C 75 ARTIGAS 6961. Entre D 168 Carlos Paz y D 170 Calcagno,EXACT,-34.5416766,-58.5723236,https://www.zonaprop.com.ar/propiedades/clasificado/alclapin-alquiler-2-amb-jose-leon-suarez-54250828.html,Zonaprop
58491906,Departamento,650000,46,14130,2,1,San Martín Centro,Saavedra 1916,EXACT,-34.57474899,-58.53214645,https://www.zonaprop.com.ar/propiedades/clasificado/alclapin-depto.-2-ambientes-en-san-martin-centro-con-cochera-58491906.html,Zonaprop
60154173,Departamento,600000,48,12500,2,1,San Martín Centro,VIDAL 3354. Entre Ayacucho y Cochabamba,EXACT,-34.57057779967513,-58.539447784423835,https://www.zonaprop.com.ar/propiedades/clasificado/alclapin-alquiler-2-ambientes-san-martin-60154173.html,Zonaprop
60398715,Departamento,600000,48,12500,2,1,San Martín Centro,Saavedra 2000,EXACT,-34.57351685,-58.53355789,https://www.zonaprop.com.ar/propiedades/clasificado/alclapin-alquiler-departamento-dos-ambientes-san-martin-centro-60398715.html,Zonaprop
59127567,Departamento,400000,35,11429,1,,José León Suárez,Diagonal Suarez  al 7100,EXACT,-34.5349765,-58.5765232,https://www.zonaprop.com.ar/propiedades/clasificado/alclapin-ph-en-jose-leon-suarez-59127567.html,Zonaprop
48055416,Departamento,850000,75,11333,3,2,San Martín Centro,san lorenzo 2291,EXACT,-34.5753522,-58.5405767,https://www.zonaprop.com.ar/propiedades/clasificado/alclapin-3-ambientes-alquiler-san-martin-ctro-48055416.html,Zonaprop
60230445,Departamento,600000,45,13333,3,2,José León Suárez,Santa Cruz al 2800,EXACT,-34.53611394776379,-58.57307622939567,https://www.zonaprop.com.ar/propiedades/clasificado/alclapin-departamento-en-alquiler-3-ambientes-jose-leon-60230445.html,Zonaprop
59957470,Departamento,800000,74,10811,3,2,Villa Libertad,Ricardo Guiraldes 5808,EXACT,-34.5832364,-58.5641244,https://www.zonaprop.com.ar/propiedades/clasificado/alclapin-departamento-3-amb-en-alquiler-en-villa-libertad-san-59957470.html,Zonaprop
50689753,Departamento,600000,50,12000,2,1,San Martín Centro,Guemes 2151,EXACT,-34.5790754,-58.5421743,https://www.zonaprop.com.ar/propiedades/clasificado/alclapin-hermoso-departamento-2-ambientes-al-frente-con-balcon-50689753.html,Zonaprop
60266396,Departamento,590000,40,14750,2,1,Villa Ballester,Alvear  al 2800,EXACT,-34.5504439839,-58.5550647487,https://www.zonaprop.com.ar/propiedades/clasificado/alclapin-departamento-2-ambientes-villa-ballester-centro-60266396.html,Zonaprop
60113750,Departamento,785000,60,13083,2,1,Villa Ballester,Independencia 5055 2C,EXACT,-34.54864,-58.5568324,https://www.zonaprop.com.ar/propiedades/clasificado/alclapin-alquiler-departamento-2-ambientes-villa-ballester-60113750.html,Zonaprop
59770602,Departamento,800000,300,2667,3,2,José León Suárez,Estanislao Zeballos al 6900 Planta Alta,EXACT,-34.5444315,-58.5828083,https://www.zonaprop.com.ar/propiedades/clasificado/alclapin-departamento-en-jose-leon-suarez-59770602.html,Zonaprop
59912466,Departamento,690000,51,13529,2,1,San Martín Centro,Juarez 3508,EXACT,-34.57863617,-58.53215408,https://www.zonaprop.com.ar/propiedades/clasificado/alclapin-alquiler-semipiso-2-amb-al-frente-c-amenities-59912466.html,Zonaprop
60154216,Departamento,680000,56,12143,2,1,Villa Ballester,Cordoba 4455,EXACT,-34.5512886,-58.55172729,https://www.zonaprop.com.ar/propiedades/clasificado/alclapin-departamento-2-ambientes-60154216.html,Zonaprop
58884750,Departamento,750000,55,13636,3,2,San Martín Centro,Pellegrini 2056,EXACT,-34.57813644,-58.53915787,https://www.zonaprop.com.ar/propiedades/clasificado/alclapin-alquiler-semipiso-3-amb-c-balcon-frances-fte-municipio-58884750.html,Zonaprop
59629346,Departamento,800000,70,11429,2,1,Villa Ballester,San Juan al 4400,EXACT,-34.5494557,-58.5492174,https://www.zonaprop.com.ar/propiedades/clasificado/alclapin-departamento-en-villa-ballester-59629346.html,Zonaprop
60142083,Departamento,470000,45,10444,2,1,José León Suárez,Calle Libertad 6416,EXACT,-34.5185477,-58.5835973,https://www.zonaprop.com.ar/propiedades/clasificado/alclapin-departamento-2-amb-calle-libertad-al-6400-60142083.html,Zonaprop
60304005,Departamento,675000,50,13500,2,1,Barrio Parque General San Martin,,,-34.57492597054352,-58.536298188115225,https://www.zonaprop.com.ar/propiedades/clasificado/alclapin-1-dormitorio-c-83-cerrito-2119-60304005.html,Zonaprop
60175936,Departamento,550000,40,13750,,,Villa Ballester,Pueyrredón al 2100,EXACT,-34.5465898,-58.54828209999999,https://www.zonaprop.com.ar/propiedades/clasificado/alclapin-departamento-monoambiente-en-alquiler-en-villa-60175936.html,Zonaprop
59573573,Departamento,950000,75,12667,3,2,General San Martín,Cerrito al 2500,EXACT,-34.5715275,-58.5405209,https://www.zonaprop.com.ar/propiedades/clasificado/alclapin-departamento-3-ambientes-con-cochera-en-alquiler-59573573.html,Zonaprop
58909846,Departamento,650000,54,12037,2,1,Villa Ballester,Alvear  al 2000,EXACT,-34.5445608,-58.5481075,https://www.zonaprop.com.ar/propiedades/clasificado/alclapin-departamento-2-ambientes-terraza-en-comun-con-58909846.html,Zonaprop
50141008,Departamento,500000,55,9091,2,1,Villa Ballester,MARMOL 3026,EXACT,-34.5407155,-58.5726449,https://www.zonaprop.com.ar/propiedades/clasificado/alclapin-chilavert-depto.-2-ambientes-amplio-y-luminoso-50141008.html,Zonaprop
60301322,Departamento,550000,51,10784,2,1,Villa Ballester,Alvear 1962,EXACT,-34.5443801,-58.547768,https://www.zonaprop.com.ar/propiedades/clasificado/alclapin-departamento-2-ambientes-con-patio-y-terraza-en-villa-60301322.html,Zonaprop
59802584,Departamento,400000,27,14815,1,,Villa Ballester,Pacífico Rodríguez 6119,EXACT,-34.539993200000005,-58.5659235,https://www.zonaprop.com.ar/propiedades/clasificado/veclapin-departamento-de-27-m-sup2--de-1-ambiente-en-venta-y-59802584.html,Zonaprop
60152687,Departamento,550000,50,11000,3,2,Villa Ballester,Espa?a 5569,EXACT,-34.56142256581209,-58.580183224863895,https://www.zonaprop.com.ar/propiedades/clasificado/alclapin-departamento-de-3-ambientes-con-patio-60152687.html,Zonaprop
60194522,Departamento,800000,58,13793,3,2,José León Suárez,Departamento en alquiler de 3 ambientes. Jose León Suárez. San Martín,EXACT,-34.535354,-58.574259,https://www.zonaprop.com.ar/propiedades/clasificado/alclapin-departamento-en-alquiler-en-jose-leon-suarez-san-60194522.html,Zonaprop
60059184,Departamento,650000,50,13000,2,1,Villa Ballester,La Rioja 2475,EXACT,-34.547286,-58.55283590000001,https://www.zonaprop.com.ar/propiedades/clasificado/alclapin-departamento-de-2-ambientes-con-balcon-corrido-60059184.html,Zonaprop
59963318,Departamento,600000,50,12000,2,1,San Andrés,Almirante Brown 3840,EXACT,-34.5659429,-58.54430170000001,https://www.zonaprop.com.ar/propiedades/clasificado/alclapin-almirante-brown-3840.-departamento-2-ambientes.-ph-sin-59963318.html,Zonaprop
59516298,Departamento,750000,60,12500,2,1,Villa Ballester,Profesor Aguer al 5044 5 H,EXACT,-34.55058290000001,-58.5590011,https://www.zonaprop.com.ar/propiedades/clasificado/alclapin-hermoso-y-amplio-2-amb-con-cochera-cubierta-edificio-59516298.html,Zonaprop
59622305,Departamento,1500000,110,13636,3,2,Villa Ballester,Pacifico Rodriguez  al 5000,EXACT,-34.547918,-58.5558689,https://www.zonaprop.com.ar/propiedades/clasificado/alclapin-departamento-en-alquiler-villa-ballester-59622305.html,Zonaprop
60138262,Departamento,580000,39,14872,2,1,Villa Ballester,Independencia al 4700,EXACT,-34.5506221,-58.5547832,https://www.zonaprop.com.ar/propiedades/clasificado/alclapin-departamento-en-alquiler-villa-ballester-60138262.html,Zonaprop
59783492,Departamento,470000,38,12368,1,,Villa Ballester,"11 de Septiembre 4779, 1 B",EXACT,-34.55667040000001,-58.5614575,https://www.zonaprop.com.ar/propiedades/clasificado/alclapin-muy-amplio-y-luminoso-mono-ambiente-59783492.html,Zonaprop
59331255,Departamento,450000,35,12857,2,1,Villa Ballester,Libertador Gral. San Martin 6032,EXACT,-34.5561715,-58.5839429,https://www.zonaprop.com.ar/propiedades/clasificado/alclapin-departamento-de-2-ambientes-con-patio-59331255.html,Zonaprop
60293938,Departamento,780000,55,14182,2,1,Villa Ballester,Witcomb 2697 6°,EXACT,-34.5514681,-58.5514956,https://www.zonaprop.com.ar/propiedades/clasificado/alclapin-alquiler-departamento-2-ambientes-centrico-villa-60293938.html,Zonaprop
60398493,Departamento,530000,41,12927,2,1,San Andrés,JM CAMPOS 2584,EXACT,-34.5603344,-58.53847349999999,https://www.zonaprop.com.ar/propiedades/clasificado/alclapin-departamento-2-amb-en-alquiler-en-san-andres-60398493.html,Zonaprop
60173591,Departamento,450000,36,12500,2,1,José León Suárez,Pacifico Rodriguez al 6900,EXACT,-34.5344782,-58.5727072,https://www.zonaprop.com.ar/propiedades/clasificado/alclapin-departamento-en-jose-leon-suarez-60173591.html,Zonaprop
60174127,Departamento,400000,35,11429,2,1,San Andrés,Libertad al 4100,EXACT,-34.573558,-58.5487115,https://www.zonaprop.com.ar/propiedades/clasificado/alclapin-alquiler-departamento-2-ambientes-en-san-andres-60174127.html,Zonaprop
59909109,Departamento,550000,66,8333,2,1,Villa Ballester,Artigas 6660,EXACT,-34.5409342,-58.5743538,https://www.zonaprop.com.ar/propiedades/clasificado/alclapin-departamento-de-2-ambientes-con-2-patios-59909109.html,Zonaprop
53295316,Departamento,780000,95,8211,2,1,Villa Ballester,Alberdi 4522,EXACT,-34.55043411,-58.55150223,https://www.zonaprop.com.ar/propiedades/clasificado/alclapin-v.-ballester-centro:-depto-como-nuevo-2-amb-c-terraza-53295316.html,Zonaprop
60311159,Departamento,580000,39,14872,1,,Villa Ballester,Belgrano al 4967 1 C,EXACT,-34.55128862115627,-58.55783715881348,https://www.zonaprop.com.ar/propiedades/clasificado/alclapin-moderno-monoambiente-con-balcon-39-m-sup2-60311159.html,Zonaprop
57947842,Departamento,600000,56,10714,2,1,Villa Ballester,Independencia 4930,EXACT,-34.54978943,-58.55585098,https://www.zonaprop.com.ar/propiedades/clasificado/alclapin-departamento-2-ambientes-centrico-57947842.html,Zonaprop
59467677,Departamento,650000,49,13265,2,1,Villa Ballester,Jose Hernandez  3027,EXACT,-34.5533077,-58.556042,https://www.zonaprop.com.ar/propiedades/clasificado/alclapin-alquiler-departamento-2-1-2-amb.-villa-ballester-59467677.html,Zonaprop
59836990,Departamento,450000,45,10000,2,,Villa Ballester,1 de Agosto al 4700,EXACT,-34.563867971,-58.568175045,https://www.zonaprop.com.ar/propiedades/clasificado/alclapin-departamento-en-villa-ballester-59836990.html,Zonaprop
59351074,Departamento,440000,40,11000,2,1,José León Suárez,Garibaldi  al 1900,EXACT,-34.5292446,-58.5668412,https://www.zonaprop.com.ar/propiedades/clasificado/alclapin-departamento-en-alquiler-2-ambientes-en-jose-leon-59351074.html,Zonaprop
58252466,Departamento,650000,60,10833,3,2,José León Suárez,Buenos Aires al 7500,EXACT,-34.5287702819,-58.5744133106,https://www.zonaprop.com.ar/propiedades/clasificado/alclapin-departamento-en-alquiler-en-jose-leon-suarez-58252466.html,Zonaprop
60293942,Departamento,400000,29,13793,1,,Villa Lynch,Moreno 5063,EXACT,-34.5869643,-58.5466394,https://www.zonaprop.com.ar/propiedades/clasificado/alclapin-departamento-monoambiente-en-planta-baja-con-espacio-60293942.html,Zonaprop
57600566,Departamento,280000,23,12174,1,,José León Suárez,"Solis 2932, 5TO ""A"" Jose Leon Suarez",EXACT,-34.5374378,-58.5756611,https://www.zonaprop.com.ar/propiedades/clasificado/alclapin-departamento-jose-leon-suarez-57600566.html,Zonaprop
60302242,Departamento,600000,40,15000,2,,Villa Ballester,Almirante Brown al 3100,EXACT,-34.5528131,-58.55880380000001,https://www.zonaprop.com.ar/propiedades/clasificado/alclapin-luminoso-departamento-de-dos-ambientes-con-cochera-a-2-60302242.html,Zonaprop
59877940,Departamento,690000,65,10615,2,1,Billinghurst,ALVEAR 5866,EXACT,-34.5763734,-58.5736035,https://www.zonaprop.com.ar/propiedades/clasificado/alclapin-depto-2-amb-con-balcon-59877940.html,Zonaprop
60172400,Departamento,1100000,85,12941,3,2,General San Martín,Tucuman 2532,EXACT,-34.5757521,-58.5370965,https://www.zonaprop.com.ar/propiedades/clasificado/alclapin-alquiler-departamento-de-3-ambientes-cochera-centro-60172400.html,Zonaprop
59881715,Departamento,600000,42,14286,2,1,General San Martín,Rondeau al 2400,EXACT,-34.5781048,-58.5468225,https://www.zonaprop.com.ar/propiedades/clasificado/alclapin-departamento-general-san-martin-59881715.html,Zonaprop
59414511,Departamento,650000,50,13000,2,1,San Martín Centro,Saavedra 2063,EXACT,-34.573275599999995,-58.533410200000006,https://www.zonaprop.com.ar/propiedades/clasificado/alclapin-departamento-semipiso-de-2-ambientes-en-alquiler-san-59414511.html,Zonaprop
59763035,Departamento,700000,54,12963,2,1,Villa Ballester,C 106  WITCOMB 2861. Entre C 65 Marengo y C 69 Dr. Aleu,EXACT,-34.552716,-58.55295650000001,https://www.zonaprop.com.ar/propiedades/clasificado/alclapin-alquiler-departamento-2-amb-con-cochera-villa-59763035.html,Zonaprop
59654173,Departamento,360000,28,12857,1,,Villa Ballester,Moreno 2653,EXACT,-34.5492357,-58.5588195,https://www.zonaprop.com.ar/propiedades/clasificado/alclapin-alquiler-monoambiente-villa-ballester-59654173.html,Zonaprop
60091801,Departamento,650000,54,12037,2,1,Villa Ballester,Buenos Aires 5882,EXACT,-34.5397209,-58.561143,https://www.zonaprop.com.ar/propiedades/clasificado/alclapin-departamento-2-amb-con-2-patio-villa-ballester-60091801.html,Zonaprop
60286467,Departamento,700000,48,14583,2,1,Villa Ballester,America  4339,EXACT,-34.5550807,-58.55309279999999,https://www.zonaprop.com.ar/propiedades/clasificado/alclapin-alquiler-depto-de-2-amb-america-4339-villa-ballester-60286467.html,Zonaprop
60171557,Departamento,700000,50,14000,2,1,Villa Ballester,Profesor F. Agüer 5044,EXACT,-34.5504903,-58.559056399999996,https://www.zonaprop.com.ar/propiedades/clasificado/alclapin-departamento-2-amb-profesor-f.-aguer-al-5000-60171557.html,Zonaprop
60390949,Departamento,600000,48,12500,2,1,Villa Ballester,Independencia 5077,EXACT,-34.548462,-58.5571473,https://www.zonaprop.com.ar/propiedades/clasificado/alclapin-departamento-de-dos-ambientes-a-estrenar-60390949.html,Zonaprop
60047786,Departamento,1100000,125,8800,4,3,General San Martín,San Lorenzo 2200,EXACT,-34.5763205,-58.5397631,https://www.zonaprop.com.ar/propiedades/clasificado/alclapin-departamento-4-amb-con-cochera-en-centro-de-san-martin-60047786.html,Zonaprop
60251660,Departamento,800000,71,11268,4,3,General San Martín,Quintana 2350. Entre Rivadavia y Pueyrredon,EXACT,-32.415375,-63.2183666,https://www.zonaprop.com.ar/propiedades/clasificado/alclapin-alq.-4-amb.-planta-baja-amplio-luminoso-60251660.html,Zonaprop
59718537,Departamento,350000,30,11667,1,,Billinghurst,Suipacha 5978,EXACT,-34.5729599,-58.58042908,https://www.zonaprop.com.ar/propiedades/clasificado/alclapin-monoambiente-en-alquiler-en-billinghurst-59718537.html,Zonaprop
60303234,Departamento,450000,40,11250,2,1,José León Suárez,San Martín 6394,EXACT,-34.53967,-58.5704941,https://www.zonaprop.com.ar/propiedades/clasificado/alclapin-departamento-2-ambiente-jose-leon-suarez-60303234.html,Zonaprop
59037078,Departamento,520000,55,9455,2,1,General San Martín,Segunda Rivadavia al 2800,EXACT,-34.5802203,-58.5586955,https://www.zonaprop.com.ar/propiedades/clasificado/alclapin-alquiler-departamento-2-ambientes-en-v.-libertad-con-59037078.html,Zonaprop
60168278,Departamento,650000,60,10833,3,2,Villa Bonich,Sarmiento 5038,EXACT,-34.5727569,-58.5601806,https://www.zonaprop.com.ar/propiedades/clasificado/alclapin-departamento-3-amb.-1-piso-con-balcon-60168278.html,Zonaprop
60366332,Departamento,550000,39,14103,1,,Villa Ballester,Lavalle 2344,EXACT,-34.5460354,-58.5521688,https://www.zonaprop.com.ar/propiedades/clasificado/alclapin-alquiler-monoambiente-con-balcon-y-garage-lavalle-60366332.html,Zonaprop
60180778,Departamento,390000,36,10833,1,,San Martín Centro,Caseros 2334,EXACT,-34.57642746,-58.5427742,https://www.zonaprop.com.ar/propiedades/clasificado/alclapin-alquiler-san-martin-centro-monoambiente-con-balcon-60180778.html,Zonaprop
59853300,Departamento,680000,50,13600,2,1,Villa Ballester,Junín 2942,EXACT,-34.545263,-58.56429989999999,https://www.zonaprop.com.ar/propiedades/clasificado/alclapin-departamento-2-amb-junin-2900-59853300.html,Zonaprop
59498687,Departamento,1250000,85,14706,3,2,Villa Ballester,Boulevard Ballester al 4900,EXACT,-34.5474127,-58.55333539999998,https://www.zonaprop.com.ar/propiedades/clasificado/alclapin-departamento-en-alquiler-3-ambientes-59498687.html,Zonaprop
60049100,Departamento,600000,60,10000,2,1,Villa Ballester,Independencia 4930,EXACT,-34.54979,-58.55584949999999,https://www.zonaprop.com.ar/propiedades/clasificado/alclapin-departamento-de-2-ambientes-con-balcon-60049100.html,Zonaprop
60326561,Departamento,600000,42,14286,2,1,Villa Lynch,Heredia 1000,EXACT,-34.5889227,-58.5342175,https://www.zonaprop.com.ar/propiedades/clasificado/alclapin-alquiler-dpto.-2-amb.-a-estrenar-60326561.html,Zonaprop
60388984,Departamento,850000,70,12143,3,2,San Martín Centro,18 de Diciembre de 1856 2041,EXACT,-34.5787854,-58.539537900000006,https://www.zonaprop.com.ar/propiedades/clasificado/alclapin-departamento-3-amb.-a-200-m.-de-la-plaza-san-martin-60388984.html,Zonaprop
60263168,Departamento,550000,40,13750,2,1,José León Suárez,Alfonsina Storni al 6900,EXACT,-34.5407129,-58.5792507,https://www.zonaprop.com.ar/propiedades/clasificado/alclapin-departamento-en-alquiler-en-jose-leon-suarez-60263168.html,Zonaprop
59816327,Departamento,920000,70,13143,3,2,Villa Ballester,Artigas 5017,EXACT,-34.55148315,-58.55949783,https://www.zonaprop.com.ar/propiedades/clasificado/alclapin-departamento-3-ambientes-con-cochera-59816327.html,Zonaprop
59934672,Departamento,650000,55,11818,2,1,Villa Ballester,C 63 RODRIGUEZ. PCO 5058. Entre C 118 Lavalle y C 122 General Paz,EXACT,-34.54799272256926,-58.55610400445585,https://www.zonaprop.com.ar/propiedades/clasificado/alclapin-departamento-1-dormitorio.-c-63-rodriguez.-pco-5058-59934672.html,Zonaprop
60045291,Departamento,950000,71,13380,3,2,General San Martín,Salguero 2200,EXACT,-34.574981,-58.5382244,https://www.zonaprop.com.ar/propiedades/clasificado/alclapin-hermoso-departamento-3-ambientes-al-frente-de-60045291.html,Zonaprop
55304152,Departamento,380000,33,11515,1,,San Martín Centro,Moreno 3331,EXACT,-34.57561493,-58.53306198,https://www.zonaprop.com.ar/propiedades/clasificado/alclapin-san-martin-centro.-depto.-monoambiente-55304152.html,Zonaprop
59990516,Departamento,530000,40,13250,2,1,San Andrés,MARENGO 3654. Entre A. alvarez y Pelagio luna,EXACT,-34.557537169681666,-58.54558467864991,https://www.zonaprop.com.ar/propiedades/clasificado/alclapin-alquiler-2-ambientes-san-andres-59990516.html,Zonaprop
59867736,Departamento,750000,50,15000,2,1,General San Martín,Rivadavia al 3800 8°,EXACT,-34.5749158,-58.5424906,https://www.zonaprop.com.ar/propiedades/clasificado/alclapin-departamento-en-alquiler-de-2-ambientes-en-san-martin-59867736.html,Zonaprop
59445688,Departamento,770000,53,14528,2,1,San Martín Centro,Cerrito 2309,EXACT,-38.416097,-63.61667199999999,https://www.zonaprop.com.ar/propiedades/clasificado/alclapin-san-martin.-dos-ambientes-ultima-unidad.-a-estrenar.-59445688.html,Zonaprop
60196490,Departamento,600000,40,15000,2,1,Barrio Parque General San Martin,Rivadavia 4192,EXACT,-34.5770515,-58.54471729999999,https://www.zonaprop.com.ar/propiedades/clasificado/alclapin-departamento-2-amb-rivadavia-al-4100-60196490.html,Zonaprop
59934117,Departamento,1400000,120,11667,3,2,Villa Ballester,Falucho al 2885,EXACT,-34.545537,-58.5621563,https://www.zonaprop.com.ar/propiedades/clasificado/alclapin-duplex-3-amb-en-excelente-ubicacion-59934117.html,Zonaprop
59992445,Departamento,550000,40,13750,2,1,Villa Libertad,Prof. Agustin Rogelio Vidal al 6100,EXACT,-34.5898023,-58.5616831,https://www.zonaprop.com.ar/propiedades/clasificado/alclapin-alquiler-departamento-2-ambientes-en-villa-libertad-59992445.html,Zonaprop
60318099,Departamento,800000,55,14545,,2,Villa Ballester,BUENOS AIRES 5104. Entre General paz y Lamadrid,EXACT,-34.5452447,-58.5542256,https://www.zonaprop.com.ar/propiedades/clasificado/alclapin-alquiler-departamento-3-ambientes-60318099.html,Zonaprop
60290645,Departamento,700000,51,13725,2,1,Villa Ballester,ALMIRANTE BROWN 3154. Entre Artigas y Belgrano,EXACT,-34.5470412,-58.5573748,https://www.zonaprop.com.ar/propiedades/clasificado/alclapin-alquiler-departamento-2-ambientes-villa-abllester-60290645.html,Zonaprop
54547848,Departamento,600000,60,10000,3,2,Billinghurst,Pringles 4207,EXACT,-34.5767654,-58.5760169,https://www.zonaprop.com.ar/propiedades/clasificado/alclapin-departamento-planta-alta-frente.-54547848.html,Zonaprop
60305433,Departamento,550000,45,12222,2,1,Villa Ballester,Diagonal Chilavert al 6480,EXACT,-34.540436762734494,-58.57237483173833,https://www.zonaprop.com.ar/propiedades/clasificado/alclapin-alquiler-depto-frente-luminoso-60305433.html,Zonaprop
60287888,Departamento,1090000,90,12111,3,,Villa Ballester,Lacroze al 5500,EXACT,-34.5442259,-58.5591769,https://www.zonaprop.com.ar/propiedades/clasificado/alclapin-departamento-en-villa-ballester-60287888.html,Zonaprop
59964188,Departamento,530000,38,13947,2,1,General San Martín,Pellegrini al 1900,EXACT,-34.5791795719,-58.5375900265,https://www.zonaprop.com.ar/propiedades/clasificado/alclapin-departamento-general-san-martin-59964188.html,Zonaprop
59086514,Departamento,350000,28,12500,1,,José León Suárez,Roldan 2019,EXACT,-34.5285667,-58.56876159999999,https://www.zonaprop.com.ar/propiedades/clasificado/alclapin-departamento-de-1-ambiente-con-balcon-59086514.html,Zonaprop
58870729,Departamento,550000,40,13750,2,1,José León Suárez,Beltran al 1600,EXACT,-34.5196670781,-58.5728047319,https://www.zonaprop.com.ar/propiedades/clasificado/alclapin-departamento-en-alquiler-en-jose-leon-suarez-58870729.html,Zonaprop
59805545,Departamento,750000,59,12712,3,2,Villa Ballester,Lacroze al 4900,EXACT,-34.5482407,-58.55396239999999,https://www.zonaprop.com.ar/propiedades/clasificado/alclapin-departamento-en-alquiler-3-ambientes-villa-ballester.-59805545.html,Zonaprop
60358579,Departamento,430000,40,10750,1,,Villa Ballester,Intendente Campos al 2445 Piso 2 Depto 26,EXACT,-34.5593099,-58.5376733,https://www.zonaprop.com.ar/propiedades/clasificado/alclapin-1-amb-amplio-con-balcon-y-cocina-independiente-60358579.html,Zonaprop
60106409,Departamento,800000,70,11429,3,2,San Martín Centro,Avellaneda 2382,EXACT,-34.5793627,-58.54714629999999,https://www.zonaprop.com.ar/propiedades/clasificado/alclapin-departamento-de-3-ambientes-en-alquiler-san-martin-60106409.html,Zonaprop
59447470,Departamento,300000,25,12000,1,,San Andrés,Chaco al 3838,EXACT,-34.5513857,-58.541524,https://www.zonaprop.com.ar/propiedades/clasificado/alclapin-monoambiente-sin-expensas-59447470.html,Zonaprop
60190953,Departamento,800000,64,12500,3,2,Villa Ballester,PUEYRREDON 2637. Entre Pacifico Rodriguez y Lacroze,EXACT,-34.5501416,-58.5523501,https://www.zonaprop.com.ar/propiedades/clasificado/alclapin-departamento-3-ambientes.-pueyrredon-2637-60190953.html,Zonaprop
60293975,Departamento,550000,49,11224,2,1,Villa Lynch,Moreno 5063,EXACT,-34.5869643,-58.5466394,https://www.zonaprop.com.ar/propiedades/clasificado/alclapin-departamento-dos-ambientes-con-espacio-guardacoche-60293975.html,Zonaprop
60376569,Departamento,700000,51,13725,2,1,San Martín Centro,Matheu 3854,EXACT,-34.57667542,-58.54002762,https://www.zonaprop.com.ar/propiedades/clasificado/alclapin-alquiler-semipiso-de-2-amb-con-cochera-fija-a-m-60376569.html,Zonaprop
60361886,Departamento,550000,67,8209,2,1,Villa Ballester,Independencia 4930,EXACT,-34.5501735,-58.55623869999999,https://www.zonaprop.com.ar/propiedades/clasificado/alclapin-alquier-departamento-2-ambientes-centro-villa-60361886.html,Zonaprop
60366337,Departamento,700000,73,9589,3,2,General San Martín,Moreno 3494,EXACT,-34.5767918,-58.53405129999999,https://www.zonaprop.com.ar/propiedades/clasificado/alclapin-alquiler-depto-3-amb.-en-moreno-3494-san-martin-60366337.html,Zonaprop
60379995,Departamento,550000,45,12222,2,1,José León Suárez,Diagonal Chilavert al 6480,EXACT,-34.540436762734494,-58.57237483173833,https://www.zonaprop.com.ar/propiedades/clasificado/alclapin-alquiler-depto-frente-luminoso-60379995.html,Zonaprop
59294871,Departamento,500000,40,12500,2,1,José León Suárez,Sarmiento al 7500,EXACT,-34.5269333,-58.570371,https://www.zonaprop.com.ar/propiedades/clasificado/alclapin-ph-en-alquiler-2-ambientes-suarez-59294871.html,Zonaprop
60127274,Departamento,900000,68,13235,3,2,Villa Ballester,Artigas 6000,EXACT,-34.5439073,-58.5692994,https://www.zonaprop.com.ar/propiedades/clasificado/alclapin-alquiler-depto-3-amb-con-pileta-villa-ballester-60127274.html,Zonaprop
58833522,Departamento,550000,53,10377,2,1,José León Suárez,12 de Octubre al 6500,EXACT,-34.5390678,-58.5722345,https://www.zonaprop.com.ar/propiedades/clasificado/alclapin-departamento-en-alquiler-2-ambientes-j.-l-suarez-58833522.html,Zonaprop
59511268,Departamento,700000,53,13208,2,1,Villa Ballester,Boulevard Ballester 4688,EXACT,-34.548912099999995,-58.551837799999994,https://www.zonaprop.com.ar/propiedades/clasificado/alclapin-hermoso-2-amb.-con-balcon-en-ballester-centro-59511268.html,Zonaprop
59964161,Departamento,780000,78,10000,3,2,San Martín Centro,Pellegrini 1860,EXACT,-34.579835,-58.5369756,https://www.zonaprop.com.ar/propiedades/clasificado/alclapin-departamento-3-ambientes-san-martin-centro-59964161.html,Zonaprop
60066783,Casa,2990000,455,6571,5,5,Villa Lynch,Necochea al 1700,EXACT,-34.5874334,-58.5449944,https://www.zonaprop.com.ar/propiedades/clasificado/alclcain-casa-en-alquiler-villa-lynch-60066783.html,Zonaprop
59633431,Casa,1200000,170,7059,4,3,San Martín Centro,Cornelio Saavedra 2086,EXACT,-34.5732981,-58.5338273,https://www.zonaprop.com.ar/propiedades/clasificado/alclcain-casa-4-ambientes-san-martin-centro-uso-comercial-59633431.html,Zonaprop
60291210,Casa,650000,288,2257,3,2,Loma Hermosa,Buenos Aires al 7400,EXACT,-34.54398,-58.58927,https://www.zonaprop.com.ar/propiedades/clasificado/alclcain-casa-en-alquiler-3-ambientes-ciudad-jardin-el-60291210.html,Zonaprop
60375212,Casa,1700000,360,4722,5,4,Villa Ballester,C. 101 9 de Julio 4256,EXACT,-34.5647714,-58.56198939999999,https://www.zonaprop.com.ar/propiedades/clasificado/alclcain-casa-de-5-ambientes-en-alquiler-villa-ballester-60375212.html,Zonaprop
52230449,Casa,900000,132,6818,3,2,Villa Ballester,Alberdi 119,EXACT,-34.57099152,-58.56758881,https://www.zonaprop.com.ar/propiedades/clasificado/alclcain-casa-centrica-solo-uso-comercial-52230449.html,Zonaprop
60338237,Casa,1800000,250,7200,4,3,Villa Ballester,Bolivar 5985,EXACT,-34.547,-58.571,https://www.zonaprop.com.ar/propiedades/clasificado/alclcain-alquiler-casa-con-cochera-patio-quincho-y-terraza-60338237.html,Zonaprop
59754672,Casa,850000,290,2931,3,2,Villa Libertad,Primera Junta al 2600,EXACT,-34.5866269,-58.5615151,https://www.zonaprop.com.ar/propiedades/clasificado/alclcain-alquiler-casa-3-ambientes-en-villa-libertad-59754672.html,Zonaprop
60251706,Casa,800000,130,6154,4,2,José León Suárez,FRAY LUIS BELTRAN 1832. Entre C 39 Italia y C 39 Charlone,EXACT,-34.5251115,-58.5786364,https://www.zonaprop.com.ar/propiedades/clasificado/alclcain-casa-4-ambientes-2-dorm.-fray-luis-beltran-1832-60251706.html,Zonaprop
60174648,Casa,1500000,300,5000,4,3,San Andrés,Intendente Casares 3351,EXACT,-34.5628084,-58.54900369999999,https://www.zonaprop.com.ar/propiedades/clasificado/alclcain-casa-de-4-ambientes.-cochera-pasante.-3-dorm.-bano.-60174648.html,Zonaprop
60320676,Casa,1400000,100,14000,3,2,San Andrés,Diego Pombo 3366,EXACT,-34.566456699999996,-58.544781699999994,https://www.zonaprop.com.ar/propiedades/clasificado/alclcapa-hermoso-y-luminoso-duplex-60320676.html,Zonaprop
60305149,Casa,1700000,147,11565,4,3,Villa Ballester,Misiones al 4500 Entre Castelli y La Paz,EXACT,-34.5572456,-58.5584022,https://www.zonaprop.com.ar/propiedades/clasificado/alclcain-duplex-3-dorm.-alquiler-villa-ballester-60305149.html,Zonaprop
59867823,Casa,750000,90,8333,3,2,José León Suárez,Echague  al 7999 Esquina.,EXACT,-34.5270658,-58.579195,https://www.zonaprop.com.ar/propiedades/clasificado/alclcain-casa-en-jose-leon-suarez-59867823.html,Zonaprop
60292232,Casa,1200000,106,11321,3,2,General San Martín,Villegas al 2000,EXACT,-34.5757521,-58.53709649999999,https://www.zonaprop.com.ar/propiedades/clasificado/alclcain-casa-3-amb-con-quincho-y-parrilla-60292232.html,Zonaprop
58981221,Casa,800000,70,11429,2,1,José León Suárez,Novaro al 1600,EXACT,-34.5230452,-58.5691248,https://www.zonaprop.com.ar/propiedades/clasificado/alclcain-ph-al-frente-en-alquiler-en-jose-leon-suarez-58981221.html,Zonaprop
59639438,Casa,1600000,122,13115,5,4,Villa Ballester,Balcarce 2922,EXACT,-34.5503387,-58.5576658,https://www.zonaprop.com.ar/propiedades/clasificado/alclcain-alquiler-amplia-casa-balcarce-2922-villa-ballester-59639438.html,Zonaprop
60100548,Casa,900000,70,12857,1,1,Villa Ballester,Profesor G. Simón 1600,EXACT,-34.5349036,-58.5543091,https://www.zonaprop.com.ar/propiedades/clasificado/alclcain-alquiler-de-casa-de-2-ambientes-con-patio-60100548.html,Zonaprop
59336331,Casa,3000000,298,10067,5,4,San Martín Centro,Moreno 3621,EXACT,-34.57748413,-58.53540039,https://www.zonaprop.com.ar/propiedades/clasificado/alclcain-san-martin-alquiler-casa-5-amb-con-garage-y-59336331.html,Zonaprop
59861298,Casa,1150000,157,7325,4,3,José León Suárez,,,-34.527012691935724,-58.573611974497915,https://www.zonaprop.com.ar/propiedades/clasificado/alclcain-casa-3-dorm.-d-182-andrade-2234-46-59861298.html,Zonaprop
59294898,Casa,900000,170,5294,6,5,José León Suárez,Rawson al 2500,EXACT,-34.5352547,-58.5700038,https://www.zonaprop.com.ar/propiedades/clasificado/alclcain-casa-en-alquiler-uso-profesional-6-ambientes-jose-59294898.html,Zonaprop
60232719,Casa,1490000,114,13070,3,2,Villa Ballester,Capdevila 5157,EXACT,-34.5393434,-58.5484897,https://www.zonaprop.com.ar/propiedades/clasificado/alclcain-duplex-de-3-ambientes-con-jardin-y-cochera-60232719.html,Zonaprop
60367394,Casa,1400000,190,7368,3,2,Villa Ballester,SAN LUIS 4351. Entre Witcomb y Las heras,EXACT,-34.5505725,-58.54911399999999,https://www.zonaprop.com.ar/propiedades/clasificado/alclcain-alquiler-casa-3-ambientes-villa-ballester-60367394.html,Zonaprop
59928548,Casa,1200000,300,4000,4,3,General San Martín,María Asunta 3736,EXACT,-34.584186,-58.5244693,https://www.zonaprop.com.ar/propiedades/clasificado/alclcain-casa-4-ambientes-ficha-15-59928548.html,Zonaprop
59832492,Casa,800000,88,9091,4,3,José León Suárez,Jose Ingenieros al 4500,EXACT,-34.5435756,-58.5902005,https://www.zonaprop.com.ar/propiedades/clasificado/alclcain-casa-en-jose-leon-suarez-59832492.html,Zonaprop
60365015,Casa,1400000,350,4000,5,4,José León Suárez,San José al 2000,EXACT,-34.52686420000001,-58.5712083,https://www.zonaprop.com.ar/propiedades/clasificado/alclcain-casa-en-jose-leon-suarez-60365015.html,Zonaprop
59190339,Casa,3700000,596,6208,11,7,San Andrés,Morello al 3300,EXACT,-34.5635088297,-58.5486994693,https://www.zonaprop.com.ar/propiedades/clasificado/alclcain-local-comercial-profesional-san-andres-59190339.html,Zonaprop
60212467,Casa,850000,150,5667,5,3,Billinghurst,Mitre 5800,EXACT,-34.5724303,-58.577047099999994,https://www.zonaprop.com.ar/propiedades/clasificado/alclcain-vivienda-multifamiliar-en-alquiler-con-cochera-60212467.html,Zonaprop
59855813,Casa,1100000,249,4418,3,2,José León Suárez,Echague al 7000,EXACT,-34.5332869,-58.5714509,https://www.zonaprop.com.ar/propiedades/clasificado/alclcain-casa-en-jose-leon-suarez-59855813.html,Zonaprop
59772148,Casa,1400000,100,14000,3,2,San Andrés,Diego Pombo 3300,EXACT,-34.56645584,-58.54478073,https://www.zonaprop.com.ar/propiedades/clasificado/alclcain-duplex-con-cochera-59772148.html,Zonaprop
59302323,Casa,1500000,160,9375,4,3,Villa Ballester,C 61 LACROZE 4978. Entre C 114 Alvear y C 118 Lavalle,EXACT,-34.548113,-58.5543097,https://www.zonaprop.com.ar/propiedades/clasificado/alclcain-alquiler-villa-ballester-centro-59302323.html,Zonaprop
60180840,Casa,3500000,270,12963,3,2,Villa Ballester,America 4648,EXACT,-34.5535211,-58.5553788,https://www.zonaprop.com.ar/propiedades/clasificado/alclcain-chalet-de-3-ambientes-con-parque-y-piscina-60180840.html,Zonaprop
59432902,Casa,1700000,164,10366,3,2,Villa Ballester,General Paz 2688,EXACT,-34.5475023,-58.5564293,https://www.zonaprop.com.ar/propiedades/clasificado/alclcain-casa-de-3-ambientes-en-increible-zona-59432902.html,Zonaprop
59893824,Casa,2500000,450,5556,5,4,San Andrés,Adelina Hue 3527,EXACT,-34.5664699,-58.54729459999999,https://www.zonaprop.com.ar/propiedades/clasificado/alclcain-chalet-de-6-ambientes-con-jardines-y-cochera-pasante-59893824.html,Zonaprop
59910940,Casa,1200000,243,4938,4,2,Villa Ballester,Sarandí 4488,EXACT,-34.5540382,-58.5749357,https://www.zonaprop.com.ar/propiedades/clasificado/alclcain-casa-en-alquiler-en-villa-ballester-59910940.html,Zonaprop
60252905,Casa,900000,170,5294,3,2,General San Martín,Salta,EXACT,-34.57026423529671,-58.56655009469282,https://www.zonaprop.com.ar/propiedades/clasificado/alclcain-excelente-casa-con-garage-60252905.html,Zonaprop
59540140,Casa,1500000,222,6757,6,5,Villa Maipu,Ituzaingo 1800,EXACT,-34.57341766,-58.52898788,https://www.zonaprop.com.ar/propiedades/clasificado/alclcain-alquiler-casa-solo-uso-profesional-villa-maipu-59540140.html,Zonaprop
60007370,Casa,680000,121,5620,2,1,San Andrés,DR PELAGIO LUNA 2175,EXACT,-34.55346596385369,-58.5396528447802,https://www.zonaprop.com.ar/propiedades/clasificado/alclcain-casa-2-amb-en-alquiler-en-san-andres-60007370.html,Zonaprop
60398876,Casa,800000,138,5797,1,,General San Martín,Italia 1001,EXACT,-34.54249954,-58.56666565,https://www.zonaprop.com.ar/propiedades/clasificado/alclcain-casa-de-3-amb-en-alquiler-60398876.html,Zonaprop
59878741,Casa,800000,80,10000,3,2,Loma Hermosa,Rivadavia 5285,EXACT,-34.5553818,-58.589284,https://www.zonaprop.com.ar/propiedades/clasificado/alclcapa-casa-3-ambientes-en-loma-hermosa-59878741.html,Zonaprop
59806953,Casa,1280000,120,10667,3,2,Villa Ballester,San Pedro 5774,EXACT,-34.5547819,-58.5705921,https://www.zonaprop.com.ar/propiedades/clasificado/alclcapa-amplio-y-luminoso-duplex-en-alquiler-v.-ballester-59806953.html,Zonaprop
60377600,PH,700000,64,10938,1,1,Villa Lynch,"HEREDIA 900, VILLA",EXACT,-34.5914186,-58.5322925,https://www.zonaprop.com.ar/propiedades/clasificado/alclphin-alquiler-ph-monoambiente-en-duplex-con-patio-en-villa-60377600.html,Zonaprop
59297345,PH,600000,40,15000,2,1,General San Martín,Ombu al 4500,EXACT,-34.5682051,-58.5609843,https://www.zonaprop.com.ar/propiedades/clasificado/alclphin-ph-general-san-martin-59297345.html,Zonaprop
59447508,PH,750000,68,11029,3,2,Villa Ballester,Lavalle al 1900,EXACT,-34.5431708,-58.5488848,https://www.zonaprop.com.ar/propiedades/clasificado/alclphin-alquiler-ph-3-tres-ambientes-planta-baja-patio-59447508.html,Zonaprop
59713389,PH,250000,22,11364,1,,José León Suárez,Nuñez  al 7118 Jose Leon Suarez,EXACT,-34.5357119,-58.5773533,https://www.zonaprop.com.ar/propiedades/clasificado/alclphin-ph-monoambiente-en-jose-leon-suarez-primer-piso-con-59713389.html,Zonaprop
60353309,PH,1000000,90,11111,3,2,Villa Ballester,Monaco al 3666,EXACT,-34.5466322,-58.575341,https://www.zonaprop.com.ar/propiedades/clasificado/alclphin-duplex-en-alquiler-3-ambientes-villa-ballester-60353309.html,Zonaprop
59967812,PH,450000,35,12857,2,1,Villa Ballester,O'Donnell 3885,EXACT,-34.5614708,-58.55993789999999,https://www.zonaprop.com.ar/propiedades/clasificado/alclphin-ph-2-ambientes-villa-ballester-59967812.html,Zonaprop
59961233,PH,550000,131,4198,2,1,Villa Ballester,Yapeyu al 4900,EXACT,-34.5574316,-58.5643377,https://www.zonaprop.com.ar/propiedades/clasificado/alclphin-alquiler-ph-2-ambientes-con-terraza-en-villa-ballester-59961233.html,Zonaprop
60380636,PH,520000,44,11818,2,1,Villa Ballester,Neuquén 3600,EXACT,-34.5559156,-58.5633774,https://www.zonaprop.com.ar/propiedades/clasificado/alclphin-ph-2-amb-en-alquiler-en-villa-ballester-con-patio-60380636.html,Zonaprop
59282029,PH,1000000,100,10000,3,2,Villa Maipu,Conscripto Bernardi 1600,EXACT,-34.5742569,-58.52624512,https://www.zonaprop.com.ar/propiedades/clasificado/alclphin-alquiler-casa-en-ph-al-frente-4-ambientes-villa-maipu-59282029.html,Zonaprop
59409887,PH,470000,45,10444,2,1,Billinghurst,López y Planes 5133,EXACT,-34.5722701,-58.564404599999996,https://www.zonaprop.com.ar/propiedades/clasificado/alclphin-ph-en-1er-piso-al-frente.-cocina-comedor-dormitorio-59409887.html,Zonaprop
59357872,PH,650000,45,14444,3,1,Villa Ballester,Sargento Cabral  al 1300,EXACT,-34.5324106,-58.5540711,https://www.zonaprop.com.ar/propiedades/clasificado/alclphin-ph-2-1-2-ambientes-con-terraza-59357872.html,Zonaprop
60112014,PH,450000,55,8182,1,,José León Suárez,Italia  al 6861 Fondo  Jose Leon Suarez,EXACT,-34.529389,-58.5734048,https://www.zonaprop.com.ar/propiedades/clasificado/alclphin-ph-al-fondo-jose-leon-suarez-alquiler-60112014.html,Zonaprop
60363013,PH,600000,41,14634,3,2,Villa Ballester,Industria 900,EXACT,-34.562975,-58.559395,https://www.zonaprop.com.ar/propiedades/clasificado/alclphin-alquiler-ph-3-amb.-v.-ballester-seguro-caucion-60363013.html,Zonaprop
57487320,PH,700000,50,14000,2,1,Villa Ballester,Cuba  4300,EXACT,-34.556816,-58.5730426,https://www.zonaprop.com.ar/propiedades/clasificado/alclphin-ph-en-alquiler-2-y-1-2-amb-con-patio-v.-ballester-57487320.html,Zonaprop
60091678,PH,899000,78,11526,3,2,Villa Ballester,Artigas 5884,EXACT,-34.5453531,-58.5676164,https://www.zonaprop.com.ar/propiedades/clasificado/alclphin-alquiler-de-ph-3-amb.-artigas-5800-chilavert-amoblado-60091678.html,Zonaprop
60069163,PH,650000,60,10833,3,2,Villa Ballester,Pozos,EXACT,-34.5636774406865,-58.55331877194178,https://www.zonaprop.com.ar/propiedades/clasificado/alclphin-departamento-3-ambientes-en-primer-piso-por-escalera-60069163.html,Zonaprop
59266601,PH,800000,65,12308,3,2,San Martín Centro,Bartolomé Mitre 4350,EXACT,-34.5807602,-58.54287979999999,https://www.zonaprop.com.ar/propiedades/clasificado/alclphin-ph.-3-ambientes-con-cochera-59266601.html,Zonaprop
59963316,PH,600000,50,12000,2,1,San Andrés,Almirante Brown 3840,EXACT,-34.5659429,-58.54430170000001,https://www.zonaprop.com.ar/propiedades/clasificado/alclphin-almirante-brown-3840.-departamento-2-ambientes.-ph-sin-59963316.html,Zonaprop
60127634,PH,450000,35,12857,2,1,Billinghurst,Alvear al 6000,EXACT,-34.5781298,-58.57613,https://www.zonaprop.com.ar/propiedades/clasificado/alclphin-ph-en-alquiler-de-dos-ambientes-p.-b.-en-billinghurst-60127634.html,Zonaprop
60191525,PH,400000,45,8889,2,1,Billinghurst,San Lorenzo 5700,EXACT,-34.5745508,-58.572912,https://www.zonaprop.com.ar/propiedades/clasificado/alclphin-alquiler-ph-2-ambientes-billinghurst-san-martin-60191525.html,Zonaprop
58205430,PH,460000,70,6571,2,1,Villa Libertad,Posadas 3230,EXACT,-34.5863748,-58.5601551,https://www.zonaprop.com.ar/propiedades/clasificado/alclphin-amplio-ph-2-amb.-1-piso-x-escalera-con-patio-y-58205430.html,Zonaprop
59945004,PH,950000,177,5367,3,2,José León Suárez,Boulogne SUR MER al 7600,EXACT,-34.5297219,-58.5781808,https://www.zonaprop.com.ar/propiedades/clasificado/alclphin-casa-jose-leon-suarez-59945004.html,Zonaprop
58794769,PH,280000,30,9333,1,,General San Martín,9 de Julio al 4100,EXACT,-34.5651011,-58.5733037,https://www.zonaprop.com.ar/propiedades/clasificado/alclphin-ph-en-villa-coronel-jose-m.-zapiola-58794769.html,Zonaprop
59477325,PH,650000,45,14444,2,1,Villa Maipu,Roma 2012. Entre Guiraldes y Villegas,EXACT,-34.57165559223114,-58.51929903030396,https://www.zonaprop.com.ar/propiedades/clasificado/alclphin-departamento-2-ambientes.-roma-2012-59477325.html,Zonaprop
60174720,PH,500000,40,12500,1,1,General San Martín,Av. 101 Dr. Ricardo Balbín al 5600,EXACT,-34.56234680000001,-58.5821772,https://www.zonaprop.com.ar/propiedades/clasificado/alclphin-ph-en-alquiler-general-san-martin-60174720.html,Zonaprop
59510688,PH,500000,65,7692,2,1,Villa Ballester,Villarroel 5400,EXACT,-34.53598404,-58.54855347,https://www.zonaprop.com.ar/propiedades/clasificado/alclphin-ph-al-fondo-2-ambientes-59510688.html,Zonaprop
59834176,PH,550000,39,14103,2,1,José León Suárez,Medrano 1244,EXACT,-34.5136475,-58.574015100000004,https://www.zonaprop.com.ar/propiedades/clasificado/alclphin-ph-al-frente-2-amb-59834176.html,Zonaprop
60105387,PH,700000,75,9333,3,2,José León Suárez,Av. Central al 4600,EXACT,-34.5449311,-58.5895734,https://www.zonaprop.com.ar/propiedades/clasificado/alclphin-ph-en-alquiler-en-jose-leon-suarez-60105387.html,Zonaprop
60206601,PH,450000,55,8182,2,1,Loma Hermosa,Libertador Gral. San Martin al 6100,EXACT,-34.555580517691794,-58.58463621148681,https://www.zonaprop.com.ar/propiedades/clasificado/alclphin-ph-en-loma-hermosa-60206601.html,Zonaprop
60305148,PH,1700000,147,11565,4,3,Villa Ballester,Misiones al 4500 Entre Castelli y La Paz,EXACT,-34.5572456,-58.5584022,https://www.zonaprop.com.ar/propiedades/clasificado/alclphin-ph-3-dorm.-alquiler-villa-ballester-60305148.html,Zonaprop
59800117,PH,600000,55,10909,2,1,José León Suárez,Concejal Calcagno 3323,EXACT,-34.5397439,-58.5776552,https://www.zonaprop.com.ar/propiedades/clasificado/alclphin-ph-de-2-ambientes-con-patio-y-lavadero-59800117.html,Zonaprop
55102676,PH,385000,30,12833,1,1,Billinghurst,25 de Mayo 3636,EXACT,-34.5816333,-58.5726764,https://www.zonaprop.com.ar/propiedades/clasificado/alclphin-alquiler-de-monoambiente-a-estrenar-en-billinghurst!-55102676.html,Zonaprop
59241371,PH,690000,50,13800,2,1,San Andrés,Morello 3100,EXACT,-34.5659096,-58.5462107,https://www.zonaprop.com.ar/propiedades/clasificado/alclphin-ph-2-ambientes-en-san-andres-barrio-residencial-59241371.html,Zonaprop
49007781,PH,450000,35,12857,2,1,Villa Libertad,82 Jose Hernandez 5500,EXACT,-34.5780817,-58.5647232,https://www.zonaprop.com.ar/propiedades/clasificado/alclphin-ph-2-ambientes-con-pequeno-patio-y-parrilla-49007781.html,Zonaprop
60170897,PH,450000,33,13636,2,1,San Martín Centro,Vidal 3600,EXACT,-34.57238388,-58.54146576,https://www.zonaprop.com.ar/propiedades/clasificado/alclphin-san-martin-centro.-ph-de-2-ambientes-en-planta-baja-60170897.html,Zonaprop
59383437,PH,550000,55,10000,2,1,Villa Ballester,Emilio Zola al 5600,EXACT,-34.5350927,-58.5508343,https://www.zonaprop.com.ar/propiedades/clasificado/alclphin-ph-pasillo-al-medio-alquila-2-ambientes-59383437.html,Zonaprop
60292698,PH,600000,80,7500,2,1,San Andrés,"Alberdi al 3200, San Andres, San Martin",EXACT,-34.55915975085879,-58.53990951735228,https://www.zonaprop.com.ar/propiedades/clasificado/alclphin-departamento-en-san-fernando-60292698.html,Zonaprop
58833499,PH,450000,35,12857,2,1,Villa Ballester,Zarate  al 5400,EXACT,-34.5547774,-58.5720682,https://www.zonaprop.com.ar/propiedades/clasificado/alclphin-ph-en-alquiler-2-ambientes-villa-ballester-58833499.html,Zonaprop
60103131,PH,720000,50,14400,2,1,Villa Lynch,Chacabuco 885,EXACT,-34.5914716,-58.5246554,https://www.zonaprop.com.ar/propiedades/clasificado/alclphin-alquiler-2-amb.-sin-expensas-con-patio-60103131.html,Zonaprop
60357104,PH,1350000,135,10000,3,2,Villa Ballester,Independencia 5200,EXACT,-34.5468819,-58.5591275,https://www.zonaprop.com.ar/propiedades/clasificado/alclphin-alquiler-ph-3-amb-c-jardin-2-cocheras-ballester-60357104.html,Zonaprop
59615468,PH,750000,85,8824,3,2,San Andrés,Santa Rosalia 1695,EXACT,-34.552687152941246,-58.53265805152895,https://www.zonaprop.com.ar/propiedades/clasificado/alclphin-alquiler:-ph-3-ambientes.-planta-baja-al-frente-en-san-59615468.html,Zonaprop
58854075,PH,670000,58,11552,2,1,Villa Maipu,J.A. Roca 1821,EXACT,-34.566576999999995,-58.518520900000006,https://www.zonaprop.com.ar/propiedades/clasificado/alclphin-excelente-2-amb-en-ph-como-nuevo-cerca-de-capital!-58854075.html,Zonaprop
59132136,PH,400000,36,11111,2,1,Villa Libertad,Primera Junta 2442. Entre Chivilcoy y Anastacio Gonzalez,EXACT,-34.58850974305512,-58.55951070785523,https://www.zonaprop.com.ar/propiedades/clasificado/alclphin-departamento-2-ambientes.-primera-junta-2442-59132136.html,Zonaprop
59935372,PH,450000,36,12500,2,1,José León Suárez,Jose C PAZ al 2900,EXACT,-34.537254,-58.5755158,https://www.zonaprop.com.ar/propiedades/clasificado/alclphin-ph-2-ambientes-a-2-cuadras-estacion-jose-leon-suarez-59935372.html,Zonaprop
60257017,PH,580000,40,14500,2,1,Villa Libertad,Almeyra  al 2700,EXACT,-34.5848634,-58.56172410000001,https://www.zonaprop.com.ar/propiedades/clasificado/alclphin-ph-en-villa-libertad-60257017.html,Zonaprop
60357764,PH,570000,45,12667,2,1,Villa Ballester,Entre Rios al 2200,EXACT,-34.5510423,-58.544314,https://www.zonaprop.com.ar/propiedades/clasificado/alclphin-ph-independiente-al-frente-2-amb.-en-villa-ballester-60357764.html,Zonaprop
60205962,PH,950000,75,12667,3,2,General San Martín,Belgrano 6604,EXACT,-34.5416811,-58.5744116,https://www.zonaprop.com.ar/propiedades/clasificado/alclphin-alquiler-3-amb-con-patio-belgrano-6604-chilavert-60205962.html,Zonaprop
60055926,PH,1000000,90,11111,3,,General San Martín,Av. de los Constituyentes al 1700,EXACT,-34.565073,-58.5140286,https://www.zonaprop.com.ar/propiedades/clasificado/alclphin-ph-3-amb-en-primer-piso-por-escalera-60055926.html,Zonaprop
59711570,PH,500000,40,12500,2,1,Villa Ballester,Cordoba 3825,EXACT,-34.55568314,-58.54619598,https://www.zonaprop.com.ar/propiedades/clasificado/alclphin-ph-1-piso-2-ambientes-59711570.html,Zonaprop
59666933,PH,690000,70,9857,2,1,Villa Ballester,Chivilcoy 6332,EXACT,-34.53174591,-58.55982208,https://www.zonaprop.com.ar/propiedades/clasificado/alclphin-excelente-ph-2-ambientes-en-planta-alta-59666933.html,Zonaprop
60376563,PH,450000,50,9000,3,2,Villa Libertad,Ricardo Güiraldes  al 6100,EXACT,-34.5856986,-58.5672588,https://www.zonaprop.com.ar/propiedades/clasificado/alclphin-ph-en-villa-libertad-60376563.html,Zonaprop
59786371,PH,550000,40,13750,2,,San Andrés,Cordoba  al 3600,EXACT,-34.5570377,-58.5445809,https://www.zonaprop.com.ar/propiedades/clasificado/alclphin-ph-en-san-andres-59786371.html,Zonaprop
60374171,PH,700000,60,11667,3,2,General San Martín,Presidente Mont al 3300,EXACT,-34.5832733,-58.5696761,https://www.zonaprop.com.ar/propiedades/clasificado/alclphin-ph-general-san-martin-60374171.html,Zonaprop
59848538,PH,490000,38,12895,2,1,Villa Ballester,Republica al 6200,EXACT,-34.5358945,-58.5640666,https://www.zonaprop.com.ar/propiedades/clasificado/alclphin-ph-en-alquiler-en-villa-ballester-59848538.html,Zonaprop
60394811,PH,890000,118,7542,3,2,Villa Ballester,Avellaneda 2794,EXACT,-34.5400096,-58.567536800000006,https://www.zonaprop.com.ar/propiedades/clasificado/alclphin-ph-3-ambientes-con-terraza-60394811.html,Zonaprop
60286466,PH,950000,70,13571,4,3,José León Suárez,Garibaldi  2606,EXACT,-34.5338375,-58.57215100000001,https://www.zonaprop.com.ar/propiedades/clasificado/alclphin-alquiler-4-ambientes-con-balcon-en-garibaldi-2606-60286466.html,Zonaprop
60373319,PH,500000,54,9259,2,1,General San Martín,Saenz Peña al 2500,EXACT,-34.5652389,-58.531849,https://www.zonaprop.com.ar/propiedades/clasificado/alclphin-ph-3-ambientes-alquiler-v.-maipu-60373319.html,Zonaprop
59622225,PH,800000,60,13333,3,2,Villa Lynch,Canale 1400,EXACT,-34.59196,-58.545961,https://www.zonaprop.com.ar/propiedades/clasificado/alclphin-ph-de-3-ambientes-con-patio-totalmente-reciclado-sin-59622225.html,Zonaprop
58583858,PH,1500000,125,12000,3,2,San Martín Centro,Caseros 2500,EXACT,-34.57451248,-58.54514313,https://www.zonaprop.com.ar/propiedades/clasificado/alclphin-casa-4-ambientes-con-patio-y-garaje-san-martin-centro-58583858.html,Zonaprop
59832159,PH,950000,140,6786,3,2,José León Suárez,San Vicente  al 1900,EXACT,-34.5301359,-58.5656124,https://www.zonaprop.com.ar/propiedades/clasificado/alclphin-ph-planta-baja-3-ambientes-con-cochera-en-alquiler-en-59832159.html,Zonaprop
56356932,PH,550000,55,10000,3,2,Villa Bonich,Sargento Cabral 4733,EXACT,-34.56759262,-58.57325363,https://www.zonaprop.com.ar/propiedades/clasificado/alclphin-ph-3-amb.-2-dorm.-com.-y-cocina-integ.-patio-comp.-56356932.html,Zonaprop
60193702,PH,700000,48,14583,3,2,Villa Ballester,Boulevard Ballester  al 6400,EXACT,-34.5363283,-58.5672092,https://www.zonaprop.com.ar/propiedades/clasificado/alclphin-ph-en-chilavert-60193702.html,Zonaprop
60164563,PH,650000,65,10000,3,2,Villa Ballester,Pueyrredón 1964,EXACT,-34.5454647,-58.54638419999999,https://www.zonaprop.com.ar/propiedades/clasificado/alclphin-ph-de-3-ambientes-con-patio.-dormitorio.-balcon.-60164563.html,Zonaprop
59963314,PH,600000,50,12000,2,1,Villa Ballester,Almirante Brown 3840,EXACT,-34.5578195,-58.564374,https://www.zonaprop.com.ar/propiedades/clasificado/alclphin-almirante-brown-3840.-departamento-2-ambientes.-ph-sin-59963314.html,Zonaprop
59527798,PH,1000000,95,10526,3,2,General San Martín,Rivadavia al 4300,EXACT,-34.5781953,-58.5464591,https://www.zonaprop.com.ar/propiedades/clasificado/alclphin-ph-3-amb.-con-patio-y-balcon-a-estrenar-59527798.html,Zonaprop
55799238,PH,450000,30,15000,1,1,Villa Lynch,HIPOLITO IRIGOYEN,EXACT,-34.58839735036955,-58.53954360620999,https://www.zonaprop.com.ar/propiedades/clasificado/alclphin-gran-monoambiente.-55799238.html,Zonaprop
60045709,PH,500000,40,12500,2,1,Villa Ballester,A.del Valle al 6500,EXACT,-34.5430063,-58.5757339,https://www.zonaprop.com.ar/propiedades/clasificado/alclphin-ph-chilavert-60045709.html,Zonaprop
59963823,PH,650000,45,14444,2,1,San Martín Centro,Mitre 4018,EXACT,-34.5785544,-58.540351300000005,https://www.zonaprop.com.ar/propiedades/clasificado/alclphin-en-alquiler-2-ambientes-centro-en-san-martin-59963823.html,Zonaprop
60203782,PH,400000,45,8889,2,1,Billinghurst,San Lorenzo 5700,EXACT,-34.5745508,-58.572912,https://www.zonaprop.com.ar/propiedades/clasificado/alclphin-alquiler-ph-2-ambientes-billinghurst-san-martin-60203782.html,Zonaprop
59272014,PH,450000,40,11250,2,1,Villa Ballester,Avenida Doctor Ricardo Balbín 5671,EXACT,-34.56234680000001,-58.5821772,https://www.zonaprop.com.ar/propiedades/clasificado/alclphin-ph-de-2-ambientes-en-alquiler-villa-ballester-59272014.html,Zonaprop
60276354,PH,600000,70,8571,2,1,General San Martín,Rivero 4300,EXACT,-34.566664,-58.560413,https://www.zonaprop.com.ar/propiedades/clasificado/alclphin-departamento-ph-en-alquiler-en-san-martin-g.-b.-a.-60276354.html,Zonaprop
60306421,PH,800000,140,5714,3,2,Villa Ballester,Doctor Aleu,EXACT,-34.554654158585514,-58.55106935304565,https://www.zonaprop.com.ar/propiedades/clasificado/alclphin-gran-ph-atras-con-jardin-60306421.html,Zonaprop
59076212,PH,450000,35,12857,2,1,Billinghurst,Alvear 6069,EXACT,-34.5780348,-58.5760209,https://www.zonaprop.com.ar/propiedades/clasificado/alclphin-ph-2-ambientes-en-alquiler-59076212.html,Zonaprop
60046578,PH,500000,60,8333,2,1,Villa Ballester,Villarroel  al 5400,EXACT,-34.5359846,-58.5485527,https://www.zonaprop.com.ar/propiedades/clasificado/alclphin-ph-2-amb-alquiler-en-villa-ballester-sin-expensas-60046578.html,Zonaprop
60294809,PH,800000,65,12308,3,2,General San Martín,Rivadavia  al 2400,EXACT,-34.5653243,-58.5307286,https://www.zonaprop.com.ar/propiedades/clasificado/alclphin-ph-en-general-san-martin-60294809.html,Zonaprop
59689171,PH,720000,90,8000,3,2,José León Suárez,San Roque al 2800,EXACT,-34.5378391,-58.5717292,https://www.zonaprop.com.ar/propiedades/clasificado/alclphin-alquiler-de-ph-p.-b.-3-ambientes-en-jose-leon-suarez-59689171.html,Zonaprop
60202587,PH,600000,42,14286,2,1,General San Martín,French al 1800,EXACT,-34.5605065,-58.56581000000001,https://www.zonaprop.com.ar/propiedades/clasificado/alclphin-ph-1-1-2amb.-con-patio-60202587.html,Zonaprop
60271114,PH,650000,45,14444,3,2,Villa Libertad,Almeyra  al 2700,EXACT,-34.5848634,-58.56172410000001,https://www.zonaprop.com.ar/propiedades/clasificado/alclphin-2-ambientes-alquiler-san-martin-villa-libertad-60271114.html,Zonaprop
59225869,PH,900000,120,7500,3,2,Villa Lynch,Avellaneda al 2400,EXACT,-34.5788287,-58.5477861,https://www.zonaprop.com.ar/propiedades/clasificado/alclphin-ph-de-3-ambientes-en-alquiler-59225869.html,Zonaprop
60364250,PH,950000,80,11875,3,2,José León Suárez,Italia 6549,EXACT,-34.5314475,-58.56285719999999,https://www.zonaprop.com.ar/propiedades/clasificado/alclphin-casa-ph-3-ambientes-con-patio-y-jardin-al-frente-60364250.html,Zonaprop
60021089,PH,1000000,85,11765,3,3,Villa Ballester,Moreno al 1930,EXACT,-34.5349069,-58.5590705,https://www.zonaprop.com.ar/propiedades/clasificado/alclphin-alquiler-ph-3-ambientes-villa-ballester-60021089.html,Zonaprop
60169473,PH,750000,66,11364,3,2,Villa Ballester,San Jose de Flores  5971,EXACT,-34.5495451,-58.5743858,https://www.zonaprop.com.ar/propiedades/clasificado/alclphin-ph-en-alquiler-3-amb-con-patio-en-planta-baja.-60169473.html,Zonaprop
59848852,PH,750000,56,13393,3,2,Villa Ballester,Tandil  al 4500,EXACT,-34.5430666,-58.5430488,https://www.zonaprop.com.ar/propiedades/clasificado/alclphin-ph-en-villa-ballester-59848852.html,Zonaprop
60393729,PH,550000,60,9167,2,1,Villa Ballester,1 de Agosto de 1806 5508,EXACT,-34.55739875098375,-58.57634017196654,https://www.zonaprop.com.ar/propiedades/clasificado/alclphin-ph-de-2-ambientes-con-patio-y-cochera-60393729.html,Zonaprop
60070404,PH,840000,75,11200,3,2,Villa Ballester,Fraternidad 1800,EXACT,-34.53111649,-58.56185913,https://www.zonaprop.com.ar/propiedades/clasificado/alclphin-ph-3-ambientes-a-estrenar-60070404.html,Zonaprop
59272428,PH,450000,50,9000,3,2,Villa Ballester,Avenida Doctor Ricardo Balbín 4975,EXACT,-34.563739999999996,-58.57316679999999,https://www.zonaprop.com.ar/propiedades/clasificado/alclphin-ph-de-3-ambientes-en-alquiler-villa-ballester-59272428.html,Zonaprop
60181032,PH,550000,45,12222,2,1,Villa Maipu,Avenida Presidente Arturo Illia 1430,EXACT,-34.567673,-58.5158465,https://www.zonaprop.com.ar/propiedades/clasificado/alclphin-alquiler-2-amb-60181032.html,Zonaprop
60002106,PH,650000,60,10833,3,2,Villa Ballester,Capdevila 5367,EXACT,-34.538136699999995,-58.5500918,https://www.zonaprop.com.ar/propiedades/clasificado/alclphin-ph-en-alquiler-de-3-ambientes.-2-dorm.-patio.-muy-60002106.html,Zonaprop
59973459,PH,750000,62,12097,2,1,Villa Ballester,República 5500,EXACT,-34.54163361,-58.55667877,https://www.zonaprop.com.ar/propiedades/clasificado/alclphin-ph-2-ambientes-amplios-con-patio-59973459.html,Zonaprop
59763319,PH,980000,122,8033,3,2,Villa Ballester,C 27 VILLARROEL 5626. Entre C 134 Falucho y C 136 Ituzaingo,EXACT,-34.5508993,-58.5615154,https://www.zonaprop.com.ar/propiedades/clasificado/alclphin-alquiler-casa-tipo-ph-3-amb-villa-ballester-59763319.html,Zonaprop
60169450,PH,950000,67,14179,3,2,Villa Ballester,Formosa  5815,EXACT,-34.5499331,-58.57220530000001,https://www.zonaprop.com.ar/propiedades/clasificado/alclphin-alquiler-3-amb.-con-garage-y-patio.-v-ballester-60169450.html,Zonaprop
59678297,PH,510000,37,13784,1,,Villa Ballester,ALEU 4045. Entre C 102 Parana y C 100 Entre Rios,EXACT,-34.5554684,-58.5498941,https://www.zonaprop.com.ar/propiedades/clasificado/alclphin-alquiler-monoambiente-en-villa-ballester.-59678297.html,Zonaprop
49318475,PH,800000,60,13333,3,2,San Andrés,Saavedra 2741,EXACT,-34.5590651,-58.5291977,https://www.zonaprop.com.ar/propiedades/clasificado/alclphin-departamento-p-h-1er-piso-al-frente-49318475.html,Zonaprop
60403735,PH,950000,65,14615,3,2,San Martín Centro,Saavedra 2051,EXACT,-34.5734085,-58.533364000000006,https://www.zonaprop.com.ar/propiedades/clasificado/alclphpa-ph-3-ambientes-san-martin-centro-excelente-60403735.html,Zonaprop
59492138,PH,790000,106,7453,3,2,Villa Ballester,San Pedro 5448,EXACT,-34.5546131,-58.571135000000005,https://www.zonaprop.com.ar/propiedades/clasificado/alclphpa-ph-3-ambientes-en-planta-baja-al-frente-con-3-patios-59492138.html,Zonaprop
60367271,PH,600000,80,7500,2,1,San Andrés,Alberdi 3291,EXACT,-34.5586539,-58.5402739,https://www.zonaprop.com.ar/propiedades/clasificado/alclphpa-amplio-ph-planta-alta-sin-expensas-60367271.html,Zonaprop
60286955,PH,600000,80,7500,3,2,Villa Ballester,26 de Julio de 1890 5200,EXACT,-34.558323699999995,-58.57100929999999,https://www.zonaprop.com.ar/propiedades/clasificado/alclphpa-ph-al-frente-60286955.html,Zonaprop
59858885,PH,900000,95,9474,3,2,Villa Lynch,Avellaneda 2382,EXACT,-34.5793627,-58.54714629999999,https://www.zonaprop.com.ar/propiedades/clasificado/alclphpa-ph-tipo-departamento-de-3-ambientes-y-terraza-59858885.html,Zonaprop
58946167,PH,360000,25,14400,1,1,Villa Maipu,Villa Maipú,EXACT,-34.56855590744182,-58.52139277196656,https://www.zonaprop.com.ar/propiedades/clasificado/alclphpa-ph-al-frente-impecable.-a-15-cuadras-de-caba.-sin-58946167.html,Zonaprop
52800213,PH,750000,110,6818,2,1,San Andrés,Riobamba 2800,EXACT,-34.5670513,-58.5413994,https://www.zonaprop.com.ar/propiedades/clasificado/alclphpa-ph-2-amb-en-alquiler-con-patio-y-terraza-propia-san-52800213.html,Zonaprop
