posting_id,tipo,precio,m2,precio_m2,ambientes,dormitorios,zona,direccion,visibilidad,lat,lon,url,fuente
AP20020584,Departamento,580000,51,11373,2,1,Centro,"Guemes 2100, Piso 7°",APPROX,-34.591274,-58.556769,https://www.argenprop.com/departamento-en-alquiler-en-centro-2-ambientes--20020584,Argenprop
AP20288106,Departamento,350000,25,14000,1,,General San Martin,INTENDENTE CAMPOS 1900,APPROX,-34.5782453,-58.535785,https://www.argenprop.com/departamento-en-alquiler-en-general-san-martin-1-ambiente--20288106,Argenprop
AP20220141,Departamento,560000,45,12444,2,1,San Andres,"Congreso 3200, Piso 1",APPROX,-34.563318,-58.544946,https://www.argenprop.com/departamento-en-alquiler-en-san-andres-2-ambientes--20220141,Argenprop
AP20262763,Departamento,900000,77,11688,3,2,Centro,"Juarez 4000, Piso 7",APPROX,-34.5817381,-58.5358473,https://www.argenprop.com/departamento-en-alquiler-en-centro-3-ambientes--20262763,Argenprop
AP7802600,Departamento,490000,40,12250,1,1,Villa Ballester,REPUBLICA 4600,APPROX,-34.5424932,-58.5557122,https://www.argenprop.com/departamento-en-alquiler-en-villa-ballester-1-ambiente--7802600,Argenprop
AP15961813,Departamento,1100000,90,12222,3,2,Villa Ballester,"Pacifico Rodriguez 4900, Piso 3°",APPROX,-34.5491738,-58.5547677,https://www.argenprop.com/departamento-en-alquiler-en-villa-ballester-3-ambientes--15961813,Argenprop
AP19813486,Departamento,550000,40,13750,2,,Villa Ballester,Alvear 2475,APPROX,-34.547755,-58.5521876,https://www.argenprop.com/departamento-en-alquiler-en-villa-ballester-1-ambiente--19813486,Argenprop
AP20262296,Departamento,850000,65,13077,2,1,Centro,"Ayacucho 2200, Piso 5",APPROX,-34.5730379,-58.5358086,https://www.argenprop.com/departamento-en-alquiler-en-centro-2-ambientes--20262296,Argenprop
AP19648774,Departamento,500000,40,12500,2,1,Jose Leon Suarez,Sarmiento al 7536,APPROX,-34.5244394,-58.5730599,https://www.argenprop.com/departamento-en-alquiler-en-jose-leon-suarez-2-ambientes--19648774,Argenprop
AP20256465,Departamento,700000,50,14000,2,1,San Andres,Congreso al 2900,APPROX,-34.561482,-58.5471084,https://www.argenprop.com/departamento-en-alquiler-en-san-andres-2-ambientes--20256465,Argenprop
AP20262030,Departamento,650000,54,12037,3,2,Centro,Félix Ballester 2500,APPROX,-34.575781,-58.54518,https://www.argenprop.com/departamento-en-alquiler-en-centro-3-ambientes--20262030,Argenprop
AP20223206,Departamento,600000,44,13636,2,1,Chilavert,Campichuelo al 2900,APPROX,-34.5557039,-58.58298,https://www.argenprop.com/departamento-en-alquiler-en-chilavert-2-ambientes--20223206,Argenprop
AP20261758,Departamento,750000,51,14706,2,1,Centro,"Presidente Perón 3500, Piso 8",APPROX,-34.570761,-58.541402,https://www.argenprop.com/departamento-en-alquiler-en-centro-2-ambientes--20261758,Argenprop
AP20100420,Departamento,600000,47,12766,2,1,Villa Ballester,Almirante Brown al 3100,APPROX,-34.5549408,-58.5536545,https://www.argenprop.com/departamento-en-alquiler-en-villa-ballester-2-ambientes--20100420,Argenprop
AP20260980,Departamento,550000,42,13095,2,1,Centro,"Pellegrini 1900, Piso 3",APPROX,-34.579594,-58.537324,https://www.argenprop.com/departamento-en-alquiler-en-centro-2-ambientes--20260980,Argenprop
AP19478113,Departamento,950000,64,14844,3,2,Centro,Salguero 2100,APPROX,-34.572724,-58.5407717,https://www.argenprop.com/departamento-en-alquiler-en-centro-3-ambientes--19478113,Argenprop
AP20260649,Departamento,590000,46,12826,3,2,Villa Lynch,"ROGELIO VIDAL 4900, Piso 3",APPROX,-34.5760052,-58.5458515,https://www.argenprop.com/departamento-en-alquiler-en-villa-lynch-3-ambientes--20260649,Argenprop
AP20260519,Departamento,450000,33,13636,1,,General San Martin,"AV RICARDO BALBIN 2500, Piso 2",APPROX,-34.577091,-58.546735,https://www.argenprop.com/departamento-en-alquiler-en-general-san-martin-1-ambiente--20260519,Argenprop
AP19897794,Departamento,550000,45,12222,2,1,Centro,Felix Ballester 2200,APPROX,-34.578351,-58.541995,https://www.argenprop.com/departamento-en-alquiler-en-centro-2-ambientes--19897794,Argenprop
AP15743437,Departamento,600000,55,10909,3,2,General San Martin,"Salguero 2100, Piso 13°",APPROX,-34.572724,-58.5407717,https://www.argenprop.com/departamento-en-alquiler-en-general-san-martin-3-ambientes--15743437,Argenprop
AP20257898,Departamento,650000,68,9559,2,1,Chilavert,Lamadrid 2100,APPROX,-34.542123,-58.552624,https://www.argenprop.com/departamento-en-alquiler-en-chilavert-2-ambientes--20257898,Argenprop
AP19783186,Departamento,700000,60,11667,3,2,San Andres,ITALIA 300,APPROX,-34.5330667,-58.5609423,https://www.argenprop.com/departamento-en-alquiler-en-san-andres-3-ambientes--19783186,Argenprop
AP20086182,Departamento,450000,35,12857,2,1,Villa Bernardo Monteagudo,"BELGRANO 4978 , Piso 2",APPROX,-34.5529142,-58.5601946,https://www.argenprop.com/departamento-en-alquiler-en-villa-bernardo-monteagudo-2-ambientes--20086182,Argenprop
AP20247979,Departamento,480000,46,10435,2,1,Villa Bonich,Jose Hernandez 4800,APPROX,-34.573422,-58.559134,https://www.argenprop.com/departamento-en-alquiler-en-villa-bonich-2-ambientes--20247979,Argenprop
AP20247982,Departamento,450000,46,9783,2,1,Villa Bonich,Jose Hernandez 4800,APPROX,-34.573422,-58.559134,https://www.argenprop.com/departamento-en-alquiler-en-villa-bonich-2-ambientes--20247982,Argenprop
AP20092600,Departamento,750000,50,15000,2,1,Jose Leon Suarez,"C 75 ARTIGAS 6900, Piso 5",APPROX,-34.5428131,-58.5704839,https://www.argenprop.com/departamento-en-alquiler-en-jose-leon-suarez-2-ambientes--20092600,Argenprop
AP20124566,Departamento,550000,38,14474,1,,San Andres,"Intendente Ballester 3000, Piso 3°",APPROX,-34.562268,-58.54378,https://www.argenprop.com/departamento-en-alquiler-en-san-andres-1-ambiente--20124566,Argenprop
AP19948456,Departamento,560000,39,14359,2,1,Villa Maipu,"Almafuerte 2100, Piso 3°",APPROX,-34.569599,-58.529512,https://www.argenprop.com/departamento-en-alquiler-en-villa-maipu-2-ambientes--19948456,Argenprop
AP20099195,Departamento,830000,60,13833,3,2,General San Martin,"Dr. RamÓn Carrillo 2200, Piso 8°",APPROX,-34.5756372,-58.538923,https://www.argenprop.com/departamento-en-alquiler-en-general-san-martin-3-ambientes--20099195,Argenprop
AP7779731,Departamento,1100000,78,14103,3,2,General San Martin,"Mitre 3800, Piso 6°",APPROX,-34.544383,-58.57713,https://www.argenprop.com/departamento-en-alquiler-en-general-san-martin-3-ambientes--7779731,Argenprop
AP20253177,Departamento,680000,46,14783,2,1,Villa Ballester,Lavalle al 2300,APPROX,-34.549571,-58.55653,https://www.argenprop.com/departamento-en-alquiler-en-villa-ballester-2-ambientes--20253177,Argenprop
AP20059697,Departamento,550000,40,13750,2,1,San Andres,Felix Ballester 2800,APPROX,-34.573196,-58.548394,https://www.argenprop.com/departamento-en-alquiler-en-san-andres-2-ambientes--20059697,Argenprop
AP20170875,Departamento,570000,38,15000,2,1,Villa Ballester,General Paz 2800 2°,APPROX,-34.5483198,-58.5575612,https://www.argenprop.com/departamento-en-alquiler-en-villa-ballester-2-ambientes--20170875,Argenprop
AP20030750,Departamento,850000,64,13281,3,2,San Andres,Tucuman al 3200,APPROX,-34.5576442,-58.5876996,https://www.argenprop.com/departamento-en-alquiler-en-san-andres-3-ambientes--20030750,Argenprop
AP20251044,Departamento,600000,40,15000,2,1,Villa Ballester,Artigas 6600,APPROX,-34.541034,-58.574106,https://www.argenprop.com/departamento-en-alquiler-en-villa-ballester-2-ambientes--20251044,Argenprop
AP20170475,Departamento,650000,45,14444,2,1,San Andres,Islas Malvinas al 3100,APPROX,-34.5628224,-58.5415461,https://www.argenprop.com/departamento-en-alquiler-en-san-andres-2-ambientes--20170475,Argenprop
AP20237939,Departamento,870000,60,14500,3,2,Villa Ballester,Lavalle al 2400,APPROX,-34.549571,-58.55653,https://www.argenprop.com/departamento-en-alquiler-en-villa-ballester-3-ambientes--20237939,Argenprop
AP19946858,Departamento,900000,80,11250,3,2,Villa Bernardo Monteagudo,Vuelta De Obligado 4900,APPROX,-34.5916729,-58.5376505,https://www.argenprop.com/departamento-en-alquiler-en-villa-bernardo-monteagudo-3-ambientes--19946858,Argenprop
AP20244553,Departamento,430000,33,13030,1,,Villa Ballester,Artigas 6100,APPROX,-34.543727,-58.5695,https://www.argenprop.com/departamento-en-alquiler-en-villa-ballester-1-ambiente--20244553,Argenprop
AP20244552,Departamento,430000,33,13030,1,,Villa Ballester,Artigas 6100,APPROX,-34.543727,-58.5695,https://www.argenprop.com/departamento-en-alquiler-en-villa-ballester-1-ambiente--20244552,Argenprop
AP20139188,Departamento,650000,53,12264,2,1,Villa Ballester,"Marengo 4400, Piso 2°",APPROX,-34.552612,-58.55233,https://www.argenprop.com/departamento-en-alquiler-en-villa-ballester-2-ambientes--20139188,Argenprop
AP20238573,Departamento,700000,55,12727,2,1,Villa Ballester,"Alvear 2300, Piso 7",APPROX,-34.546627,-58.550358,https://www.argenprop.com/departamento-en-alquiler-en-villa-ballester-2-ambientes--20238573,Argenprop
AP20241961,Departamento,540000,36,15000,2,1,Centro,CERRITO 2200,APPROX,-34.5743322,-58.5373517,https://www.argenprop.com/departamento-en-alquiler-en-centro-2-ambientes--20241961,Argenprop
AP19774305,Departamento,650000,47,13830,2,1,Villa Ballester,San Juan al 4400,APPROX,-34.5492798,-58.5491018,https://www.argenprop.com/departamento-en-alquiler-en-villa-ballester-2-ambientes--19774305,Argenprop
AP20058455,Departamento,750000,57,13158,3,2,Villa Ballester,Lacroze al 4900,APPROX,-34.5483607,-58.5538414,https://www.argenprop.com/departamento-en-alquiler-en-villa-ballester-3-ambientes--20058455,Argenprop
AP20206930,Departamento,500000,35,14286,1,,Jose Leon Suarez,Sáenz Peña al 3100,APPROX,-34.5525757,-58.60294,https://www.argenprop.com/departamento-en-alquiler-en-jose-leon-suarez-1-ambiente--20206930,Argenprop
AP18139478,Departamento,900000,65,13846,3,2,Villa Ballester,"Buenos Aires 5000, Piso 6°",APPROX,-34.5457295,-58.5518074,https://www.argenprop.com/departamento-en-alquiler-en-villa-ballester-3-ambientes--18139478,Argenprop
AP20015490,Departamento,700000,60,11667,3,2,General San Martin,"Ituzaingo 1800, Piso 1°",APPROX,-34.537038,-58.554183,https://www.argenprop.com/departamento-en-alquiler-en-general-san-martin-3-ambientes--20015490,Argenprop
AP2416825,Departamento,500000,38,13158,1,,Villa Ballester,"61-LACROZE 4600, Piso 2",APPROX,-34.5436807,-58.5596234,https://www.argenprop.com/departamento-en-alquiler-en-villa-ballester-1-ambiente--2416825,Argenprop
AP4808175,Departamento,630000,50,12600,2,1,Villa Ballester,"Almirante Brown 3100, Piso 3",APPROX,-34.5549408,-58.5536545,https://www.argenprop.com/departamento-en-alquiler-en-villa-ballester-2-ambientes--4808175,Argenprop
AP16112564,Departamento,580000,42,13810,2,1,Villa Ballester,Pacífico Rodriguez 4900,APPROX,-34.5491738,-58.5547677,https://www.argenprop.com/departamento-en-alquiler-en-villa-ballester-2-ambientes--16112564,Argenprop
AP20223944,Departamento,880000,72,12222,3,2,Villa Ballester,Alvear 2300,APPROX,-34.546627,-58.550358,https://www.argenprop.com/departamento-en-alquiler-en-villa-ballester-3-ambientes--20223944,Argenprop
AP19635522,Departamento,990000,90,11000,3,2,Villa Ballester,"Pacifico Rodriguez 4900, Piso 2°",APPROX,-34.5491738,-58.5547677,https://www.argenprop.com/departamento-en-alquiler-en-villa-ballester-3-ambientes--19635522,Argenprop
AP20157855,Departamento,1300000,90,14444,3,2,Centro,"Salguero 2100, Piso 1°",APPROX,-34.572724,-58.5407717,https://www.argenprop.com/departamento-en-alquiler-en-centro-3-ambientes--20157855,Argenprop
AP20221651,Departamento,580000,50,11600,2,1,Villa Ballester,Alvear 1500,APPROX,-34.54158,-58.544417,https://www.argenprop.com/departamento-en-alquiler-en-villa-ballester-2-ambientes--20221651,Argenprop
AP19184841,Departamento,650000,45,14444,2,1,Villa Ballester,Pacifico Rodriguez al 4900,APPROX,-34.5465006,-58.5579296,https://www.argenprop.com/departamento-en-alquiler-en-villa-ballester-2-ambientes--19184841,Argenprop
AP15826544,Departamento,620000,43,14419,2,1,General San Martin,"Bernardino Rivadavia 3600, Piso 6",APPROX,-34.573137,-58.539996,https://www.argenprop.com/departamento-en-alquiler-en-general-san-martin-2-ambientes--15826544,Argenprop
AP19474270,Departamento,630000,47,13404,3,2,General San Martin,"Bonifacini 1900, Piso 1°",APPROX,-34.5775558,-58.5349724,https://www.argenprop.com/departamento-en-alquiler-en-general-san-martin-3-ambientes--19474270,Argenprop
AP19827850,Departamento,400000,27,14815,1,,Centro,Caseros 2100,APPROX,-34.5481207,-58.5639168,https://www.argenprop.com/departamento-en-alquiler-en-centro-1-ambiente--19827850,Argenprop
AP16792391,Departamento,400000,33,12121,1,,Centro,"Moreno 3300, Piso 3°",APPROX,-34.5315018,-58.5553037,https://www.argenprop.com/departamento-en-alquiler-en-centro-1-ambiente--16792391,Argenprop
AP20163706,Departamento,600000,45,13333,2,1,Centro,"Cochabamba 2200, Piso 7°",APPROX,-34.5736706,-58.536567,https://www.argenprop.com/departamento-en-alquiler-en-centro-2-ambientes--20163706,Argenprop
AP19870488,Departamento,470000,35,13429,1,,Villa Ballester,"Vicente López 3000, Piso 3",APPROX,-34.5524335,-58.5562722,https://www.argenprop.com/departamento-en-alquiler-en-villa-ballester-1-ambiente--19870488,Argenprop
AP20093057,Departamento,350000,30,11667,1,,Billinghurst,Suipacha 5900,APPROX,-34.57205,-58.579503,https://www.argenprop.com/departamento-en-alquiler-en-billinghurst-1-ambiente--20093057,Argenprop
AP19874430,Departamento,1150000,102,11275,3,2,Centro,Sarmiento 1900,APPROX,-34.57632,-58.533445,https://www.argenprop.com/departamento-en-alquiler-en-centro-3-ambientes--19874430,Argenprop
AP20215229,Departamento,570000,40,14250,2,1,Billinghurst,Guido Spano al 5500,APPROX,-34.5822012,-58.5726005,https://www.argenprop.com/departamento-en-alquiler-en-billinghurst-2-ambientes--20215229,Argenprop
AP20215116,Departamento,700000,60,11667,3,2,Villa Libertad,Av. Presidente Peron al 5800,APPROX,-34.5896507,-58.5640409,https://www.argenprop.com/departamento-en-alquiler-en-villa-libertad-3-ambientes--20215116,Argenprop
AP19826683,Departamento,850000,65,13077,3,2,Villa Ballester,Alberdi al 4400,APPROX,-34.5504415,-58.5512641,https://www.argenprop.com/departamento-en-alquiler-en-villa-ballester-3-ambientes--19826683,Argenprop
AP20190776,Departamento,590000,48,12292,2,1,Centro,"Cochabamba 2200, Piso 7",APPROX,-34.5736706,-58.536567,https://www.argenprop.com/departamento-en-alquiler-en-centro-2-ambientes--20190776,Argenprop
AP19310983,Departamento,420000,35,12000,1,,Villa Ballester,Republica 5000,APPROX,-34.5457295,-58.5518074,https://www.argenprop.com/departamento-en-alquiler-en-villa-ballester-1-ambiente--19310983,Argenprop
AP20069497,Departamento,550000,47,11702,2,1,Centro,"Félix Ballester 2200, Piso 3",APPROX,-34.578351,-58.541995,https://www.argenprop.com/departamento-en-alquiler-en-centro-2-ambientes--20069497,Argenprop
AP15622721,Departamento,650000,45,14444,3,2,Villa Ballester,"Pueyrredón 1900, Piso 1",APPROX,-34.5511206,-58.5534574,https://www.argenprop.com/departamento-en-alquiler-en-villa-ballester-3-ambientes--15622721,Argenprop
AP20139111,Departamento,570000,40,14250,2,1,Villa Ballester,C 41 ITALIA 200,APPROX,-34.5366112,-58.5563112,https://www.argenprop.com/departamento-en-alquiler-en-villa-ballester-2-ambientes--20139111,Argenprop
AP20185694,Departamento,500000,45,11111,2,1,Centro,Pellegrini 1700,APPROX,-34.5812574,-58.5352372,https://www.argenprop.com/departamento-en-alquiler-en-centro-2-ambientes--20185694,Argenprop
AP19459397,Departamento,750000,55,13636,3,2,Centro,Pellegrini 2000,APPROX,-34.578741,-58.538355,https://www.argenprop.com/departamento-en-alquiler-en-centro-3-ambientes--19459397,Argenprop
AP20164731,Departamento,400000,37,10811,2,1,General San Martin,Einstein 5400,APPROX,-34.554556,-58.592296,https://www.argenprop.com/departamento-en-alquiler-en-general-san-martin-2-ambientes--20164731,Argenprop
AP20068068,Departamento,500000,35,14286,1,,Villa Ballester,Ballester 4800,APPROX,-34.54828,-58.552255,https://www.argenprop.com/departamento-en-alquiler-en-villa-ballester-1-ambiente--20068068,Argenprop
AP15682905,Departamento,550000,43,12791,1,,Centro,"Riobamba 2300, Piso 1°",APPROX,-34.571556,-58.535972,https://www.argenprop.com/departamento-en-alquiler-en-centro-1-ambiente--15682905,Argenprop
AP11054995,Departamento,690000,50,13800,2,1,Villa Ballester,Azopardo 4600,APPROX,-34.559822,-58.561277,https://www.argenprop.com/departamento-en-alquiler-en-villa-ballester-2-ambientes--11054995,Argenprop
AP11984507,Departamento,350000,30,11667,1,,Villa Ballester,"Yapeyu 5200, Piso 1°",APPROX,-34.555279,-58.567111,https://www.argenprop.com/departamento-en-alquiler-en-villa-ballester-1-ambiente--11984507,Argenprop
AP20003546,Departamento,320000,25,12800,1,,San Andres,Campos 1300,APPROX,-34.5625884,-58.5414089,https://www.argenprop.com/departamento-en-alquiler-en-san-andres-1-ambiente--20003546,Argenprop
AP19729520,Departamento,380000,38,10000,2,1,Billinghurst,Primera Junta 5600,APPROX,-34.5723765,-58.5721568,https://www.argenprop.com/departamento-en-alquiler-en-billinghurst-2-ambientes--19729520,Argenprop
AP18722401,Departamento,600000,52,11538,2,1,Villa Ballester,Independencia 4900,APPROX,-34.5498746,-58.5556224,https://www.argenprop.com/departamento-en-alquiler-en-villa-ballester-2-ambientes--18722401,Argenprop
AP19738806,Departamento,600000,60,10000,3,2,San Andres,Bolivia 3200,APPROX,-34.5616051,-58.5429855,https://www.argenprop.com/departamento-en-alquiler-en-san-andres-3-ambientes--19738806,Argenprop
AP16541684,Departamento,550000,38,14474,2,1,Villa Ballester,"Marengo 4500, Piso 1°",APPROX,-34.5519978,-58.5530827,https://www.argenprop.com/departamento-en-alquiler-en-villa-ballester-2-ambientes--16541684,Argenprop
AP19644056,Departamento,690000,54,12778,3,2,Villa Ballester,Sarmiento 6000,APPROX,-34.5363664,-58.5584316,https://www.argenprop.com/departamento-en-alquiler-en-villa-ballester-3-ambientes--19644056,Argenprop
AP20173962,Departamento,650000,53,12264,2,1,Villa Ballester,Enrique Marengo 4400,APPROX,-34.552612,-58.55233,https://www.argenprop.com/departamento-en-alquiler-en-villa-ballester-2-ambientes--20173962,Argenprop
AP20178641,Departamento,375000,40,9375,2,1,Villa Ballester,"Formosa 5600, Piso 1",APPROX,-34.551785,-58.570228,https://www.argenprop.com/departamento-en-alquiler-en-villa-ballester-2-ambientes--20178641,Argenprop
AP19391218,Departamento,550000,50,11000,2,1,Jose Leon Suarez,12 de Octubre al 6500,APPROX,-34.5382326,-58.5733744,https://www.argenprop.com/departamento-en-alquiler-en-jose-leon-suarez-2-ambientes--19391218,Argenprop
AP20072010,Departamento,550000,53,10377,2,1,Jose Leon Suarez,Esmeralda al 7100,APPROX,-34.5338071,-58.576768,https://www.argenprop.com/departamento-en-alquiler-en-jose-leon-suarez-2-ambientes--20072010,Argenprop
AP20173197,Departamento,1000000,69,14493,3,2,Centro,"Ayacucho 2200, Piso 8",APPROX,-34.5730379,-58.5358086,https://www.argenprop.com/departamento-en-alquiler-en-centro-3-ambientes--20173197,Argenprop
AP20064314,Departamento,900000,60,15000,3,2,Villa Maipu,Marcelo Torcuato de Alvear 1600,APPROX,-34.5679642,-58.5164324,https://www.argenprop.com/departamento-en-alquiler-en-villa-maipu-3-ambientes--20064314,Argenprop
AP19601793,Departamento,550000,50,11000,2,1,Centro,Pueyrredon al 4000,APPROX,-34.5712921,-58.5625402,https://www.argenprop.com/departamento-en-alquiler-en-centro-2-ambientes--19601793,Argenprop
AP19234523,Departamento,300000,21,14286,1,,Villa Bonich,Suipacha 3900,APPROX,-34.571681,-58.564727,https://www.argenprop.com/departamento-en-alquiler-en-villa-bonich-1-ambiente--19234523,Argenprop
AP13102467,Departamento,450000,30,15000,2,1,General San Martin,"Matheu 4700, Piso 1",APPROX,-34.5821077,-58.5466159,https://www.argenprop.com/departamento-en-alquiler-en-general-san-martin-2-ambientes--13102467,Argenprop
AP19983304,Departamento,570000,45,12667,2,1,Jose Leon Suarez,"C 75 ARTIGAS 6900, Piso 2",APPROX,-34.5428131,-58.5704839,https://www.argenprop.com/departamento-en-alquiler-en-jose-leon-suarez-2-ambientes--19983304,Argenprop
AP20005872,Departamento,750000,60,12500,3,2,Villa Ballester,Salta 3500,APPROX,-34.5468011,-58.5558899,https://www.argenprop.com/departamento-en-alquiler-en-villa-ballester-3-ambientes--20005872,Argenprop
AP19606673,Departamento,470000,34,13824,3,2,Jose Leon Suarez,Andres Lamas al 9600,APPROX,-34.5159685,-58.5722712,https://www.argenprop.com/departamento-en-alquiler-en-jose-leon-suarez-3-ambientes--19606673,Argenprop
AP19163641,Departamento,600000,67,8955,3,2,Villa Ballester,Reconquista 3400,APPROX,-34.547334,-58.570235,https://www.argenprop.com/departamento-en-alquiler-en-villa-ballester-3-ambientes--19163641,Argenprop
AP19628357,Departamento,350000,28,12500,1,,Jose Leon Suarez,Roldan 2000,APPROX,-34.531548,-58.5719388,https://www.argenprop.com/departamento-en-alquiler-en-jose-leon-suarez-1-ambiente--19628357,Argenprop
AP19850273,Departamento,450000,30,15000,1,,Villa Ballester,11 de Septiembre 4700,APPROX,-34.5475587,-58.5746074,https://www.argenprop.com/departamento-en-alquiler-en-villa-ballester-1-ambiente--19850273,Argenprop
AP18968867,Departamento,550000,45,12222,2,1,Jose Leon Suarez,Sarmiento al 7500,APPROX,-34.5244394,-58.5730599,https://www.argenprop.com/departamento-en-alquiler-en-jose-leon-suarez-2-ambientes--18968867,Argenprop
AP19302738,Departamento,480000,39,12308,2,1,Jose Leon Suarez,Buenos Aires al 7400,APPROX,-34.5301316,-58.5743316,https://www.argenprop.com/departamento-en-alquiler-en-jose-leon-suarez-2-ambientes--19302738,Argenprop
AP20120189,Departamento,750000,50,15000,2,1,San Andres,Diag Islas Malvinas 3100,APPROX,-34.5640862,-58.5419181,https://www.argenprop.com/departamento-en-alquiler-en-san-andres-2-ambientes--20120189,Argenprop
AP20053506,Departamento,580000,40,14500,2,1,Villa Ballester,Lacroze al 4600 entre Alvear y Pueyrredón,APPROX,-34.5347033,-58.5707398,https://www.argenprop.com/departamento-en-alquiler-en-villa-ballester-2-ambientes--20053506,Argenprop
AP20032866,Departamento,800000,64,12500,3,2,Centro,"Dr Ramón Carrillo 2200, Piso 4",APPROX,-34.5756372,-58.538923,https://www.argenprop.com/departamento-en-alquiler-en-centro-3-ambientes--20032866,Argenprop
AP20114041,Departamento,1300000,100,13000,4,3,Villa Ballester,Buenos aires al 4800,APPROX,-34.5488739,-58.5535749,https://www.argenprop.com/departamento-en-alquiler-en-villa-ballester-4-ambientes--20114041,Argenprop
AP20097959,Departamento,850000,60,14167,3,2,San Andres,"Salguero 2825 , Piso 1",APPROX,-34.569411,-58.5447994,https://www.argenprop.com/departamento-en-alquiler-en-san-andres-3-ambientes--20097959,Argenprop
AP19954489,Departamento,600000,40,15000,1,1,Centro,"Matheu 3800, Piso 4",APPROX,-34.5761684,-58.5396121,https://www.argenprop.com/departamento-en-alquiler-en-centro-1-ambiente--19954489,Argenprop
AP19281877,Departamento,580000,48,12083,2,1,Villa Ballester,"Independencia 4900, Piso 1",APPROX,-34.5498746,-58.5556224,https://www.argenprop.com/departamento-en-alquiler-en-villa-ballester-2-ambientes--19281877,Argenprop
AP19246404,Departamento,550000,45,12222,2,1,San Andres,"Dr. Ramón Carrillo 3000, Piso 1",APPROX,-34.56914,-58.547739,https://www.argenprop.com/departamento-en-alquiler-en-san-andres-2-ambientes--19246404,Argenprop
AP17519643,Casa,2200000,267,8240,6,3,Villa Ballester,Alberdi 4000 100,APPROX,-34.554118,-58.546882,https://www.argenprop.com/casa-en-alquiler-en-villa-ballester-4-ambientes--17519643,Argenprop
AP20263344,Casa,950000,134,7090,3,2,Loma Hermosa,Mendoza 6400,APPROX,-34.55812,-58.590194,https://www.argenprop.com/casa-en-alquiler-en-loma-hermosa-3-ambientes--20263344,Argenprop
AP19647412,Casa,990000,80,12375,3,2,Chilavert,Mónaco 3700,APPROX,-34.546792,-58.57549,https://www.argenprop.com/casa-en-alquiler-en-chilavert-3-ambientes--19647412,Argenprop
AP20248016,Casa,2500000,200,12500,6,4,San Andres,Adelina Hue 3500,APPROX,-34.566391,-58.546676,https://www.argenprop.com/casa-en-alquiler-en-san-andres-5-ambientes--20248016,Argenprop
AP20242387,Casa,1250000,200,6250,4,3,Villa Ballester,Castelli al 4300,APPROX,-34.5589823,-58.5607423,https://www.argenprop.com/casa-en-alquiler-en-villa-ballester-4-ambientes--20242387,Argenprop
AP19803500,Casa,750000,70,10714,3,2,Villa Ballester,Junin 3300,APPROX,-34.5483532,-58.5679027,https://www.argenprop.com/casa-en-alquiler-en-villa-ballester-3-ambientes--19803500,Argenprop
AP19894434,Casa,1700000,122,13934,3,2,Villa Ballester,General Paz 2600,APPROX,-34.546771,-58.555544,https://www.argenprop.com/casa-en-alquiler-en-villa-ballester-3-ambientes--19894434,Argenprop
AP19997253,Casa,1800000,180,10000,4,3,Villa Ballester,Roca 3300,APPROX,-34.5286925,-58.5723417,https://www.argenprop.com/casa-en-alquiler-en-villa-ballester-4-ambientes--19997253,Argenprop
AP20009470,Casa,3000000,450,6667,7,6,Villa Ballester,Boulevard Ballester 5100,APPROX,-34.546207,-58.554842,https://www.argenprop.com/casa-en-alquiler-en-villa-ballester-5-ambientes--20009470,Argenprop
AP19952063,Casa,1450000,100,14500,3,2,Centro,"Oscar Salguero 2600, Piso PB",APPROX,-34.5715453,-58.5423162,https://www.argenprop.com/casa-en-alquiler-en-centro-3-ambientes--19952063,Argenprop
AP20101843,Casa,3500000,298,11745,4,3,Centro,Moreno 3600,APPROX,-34.579118,-58.568772,https://www.argenprop.com/casa-en-alquiler-en-centro-4-ambientes--20101843,Argenprop
AP19699099,Casa,3000000,298,10067,5,4,Centro,Moreno 3600,APPROX,-34.579118,-58.568772,https://www.argenprop.com/casa-en-alquiler-en-centro-5-ambientes--19699099,Argenprop
AP20037839,Casa,450000,31,14516,2,1,Villa Ballester,San Jose De Flores 5200,APPROX,-34.5489288,-58.575206,https://www.argenprop.com/casa-en-alquiler-en-villa-ballester-2-ambientes--20037839,Argenprop
AP20067639,Casa,1100000,90,12222,4,3,Villa Ballester,Chivilcoy 5100,APPROX,-34.5407835,-58.548585,https://www.argenprop.com/casa-en-alquiler-en-villa-ballester-4-ambientes--20067639,Argenprop
AP19628670,Casa,800000,91,8791,3,2,Jose Leon Suarez,Gorriti al 3300,APPROX,-34.53736,-58.5799872,https://www.argenprop.com/casa-en-alquiler-en-jose-leon-suarez-3-ambientes--19628670,Argenprop
AP20120269,Casa,850000,75,11333,3,2,Villa Libertad,Primera Junta al 2600,APPROX,-34.5838479,-58.5651178,https://www.argenprop.com/casa-en-alquiler-en-villa-libertad-3-ambientes--20120269,Argenprop
AP19507013,Casa,900000,98,9184,3,2,Jose Leon Suarez,"Calcagno 3600, Piso P.B",APPROX,-34.5411219,-58.5781738,https://www.argenprop.com/casa-en-alquiler-en-jose-leon-suarez-3-ambientes--19507013,Argenprop
AP19691255,Casa,900000,110,8182,6,5,Jose Leon Suarez,Rawson al 2500,APPROX,-34.5307278,-58.5648872,https://www.argenprop.com/casa-en-alquiler-en-jose-leon-suarez-6-ambientes--19691255,Argenprop
AP20069189,Casa,900000,69,13043,3,2,Villa Maipu,PERDRIEL 1900,APPROX,-34.570505,-58.518476,https://www.argenprop.com/casa-en-alquiler-en-villa-maipu-3-ambientes--20069189,Argenprop
AP20059254,Casa,1100000,90,12222,4,3,Villa Ballester,Chivilcoy 5100,APPROX,-34.5407835,-58.548585,https://www.argenprop.com/casa-en-alquiler-en-villa-ballester-4-ambientes--20059254,Argenprop
AP18511297,Casa,3400000,460,7391,11,7,San Andres Barrio Golf,Morello 3300,APPROX,-34.56426,-58.54819,https://www.argenprop.com/casa-en-alquiler-en-san-andres-barrio-golf-11-ambientes--18511297,Argenprop
AP19923410,Casa,600000,55,10909,2,1,Villa Ballester,31-TANDIL 4100,APPROX,-34.5475523,-58.5372073,https://www.argenprop.com/casa-en-alquiler-en-villa-ballester-2-ambientes--19923410,Argenprop
AP19457370,Casa,900000,80,11250,3,2,Villa Lynch,CASTELLI 2000,APPROX,-34.584022,-58.544591,https://www.argenprop.com/casa-en-alquiler-en-villa-lynch-3-ambientes--19457370,Argenprop
AP20260541,PH,600000,50,12000,2,1,Centro,Viacava 1000,APPROX,-34.593976,-58.540584,https://www.argenprop.com/ph-en-alquiler-en-centro-2-ambientes--20260541,Argenprop
AP20288386,PH,850000,90,9444,3,2,Villa Bernardo Monteagudo,"SAN CARLOS 5000 , Piso 1",APPROX,-34.5910611,-58.5391935,https://www.argenprop.com/ph-en-alquiler-en-villa-bernardo-monteagudo-3-ambientes--20288386,Argenprop
AP19988124,PH,850000,70,12143,3,2,Villa Bernardo Monteagudo,"VIACAVA 1078 , Piso 0",APPROX,-34.5933735,-58.5413223,https://www.argenprop.com/ph-en-alquiler-en-villa-bernardo-monteagudo-3-ambientes--19988124,Argenprop
AP20003488,PH,850000,70,12143,3,1,Villa Ballester,"Amancio alcorta 4392 , Piso 0",APPROX,-34.5422879,-58.5400713,https://www.argenprop.com/ph-en-alquiler-en-villa-ballester-3-ambientes--20003488,Argenprop
AP20263114,PH,850000,70,12143,3,1,Villa Ballester,"Amancio alcorta 4392 , Piso 0",APPROX,-34.5422879,-58.5400713,https://www.argenprop.com/ph-en-alquiler-en-villa-ballester-3-ambientes--20263114,Argenprop
AP20262727,PH,280000,20,14000,1,,Villa Coronel Zapiola,Avda. 9 De Julio 4100,APPROX,-34.5503878,-58.589816,https://www.argenprop.com/ph-en-alquiler-en-villa-coronel-zapiola-1-ambiente--20262727,Argenprop
AP20057557,PH,740000,51,14510,2,1,Villa Ballester,"Chivilcoy 6300, Piso 1°",APPROX,-34.5407835,-58.548585,https://www.argenprop.com/ph-en-alquiler-en-villa-ballester-2-ambientes--20057557,Argenprop
AP20112732,PH,620000,60,10333,2,1,Villa Ballester,Yapeyu 4800,APPROX,-34.55858,-58.562891,https://www.argenprop.com/ph-en-alquiler-en-villa-ballester-2-ambientes--20112732,Argenprop
AP20023369,PH,670000,50,13400,2,1,Centro,"Riobamba 2100, Piso 1",APPROX,-34.572639,-58.5344563,https://www.argenprop.com/ph-en-alquiler-en-centro-2-ambientes--20023369,Argenprop
AP20223505,PH,390000,32,12188,3,2,Villa Ballester,Castelli 3900,APPROX,-34.5602131,-58.5616926,https://www.argenprop.com/ph-en-alquiler-en-villa-ballester-3-ambientes--20223505,Argenprop
AP20254372,PH,600000,50,12000,3,2,Loma Hermosa,Parana 6500,APPROX,-34.5596906,-58.5920319,https://www.argenprop.com/ph-en-alquiler-en-loma-hermosa-3-ambientes--20254372,Argenprop
AP20253883,PH,880000,60,14667,3,2,Lourdes,San Carlos 5000,APPROX,-34.5910611,-58.5391935,https://www.argenprop.com/ph-en-alquiler-en-lourdes-3-ambientes--20253883,Argenprop
AP18971972,PH,410000,35,11714,2,1,Villa Ballester,Zarate al 5400,APPROX,-34.5498659,-58.5786658,https://www.argenprop.com/ph-en-alquiler-en-villa-ballester-2-ambientes--18971972,Argenprop
AP19928883,PH,1200000,80,15000,5,4,Centro,"Avenida Presidente Juan Domingo Perón 3600, Piso 1",APPROX,-34.5714117,-58.5421859,https://www.argenprop.com/ph-en-alquiler-en-centro-5-ambientes--19928883,Argenprop
AP20181871,PH,1500000,100,15000,3,2,Villa Ballester,Sargento Cabral 2200,APPROX,-34.5336964,-58.5555646,https://www.argenprop.com/ph-en-alquiler-en-villa-ballester-3-ambientes--20181871,Argenprop
AP19647826,PH,450000,38,11842,2,1,Villa Ballester,Junin 4000,APPROX,-34.552633,-58.573005,https://www.argenprop.com/ph-en-alquiler-en-villa-ballester-2-ambientes--19647826,Argenprop
AP19624757,PH,430000,35,12286,1,,Villa Lynch,Mitre 4600,APPROX,-34.5843324,-58.5476077,https://www.argenprop.com/ph-en-alquiler-en-villa-lynch-1-ambiente--19624757,Argenprop
AP19146174,PH,590000,48,12292,3,2,Villa Ballester,Congreso 3700,APPROX,-34.55996,-58.549215,https://www.argenprop.com/ph-en-alquiler-en-villa-ballester-3-ambientes--19146174,Argenprop
AP20171850,PH,850000,64,13281,3,2,San Andres,Tucuman al 3200,APPROX,-34.5576442,-58.5876996,https://www.argenprop.com/ph-en-alquiler-en-san-andres-3-ambientes--20171850,Argenprop
AP19955633,PH,500000,65,7692,2,1,Villa Ballester,Mitre 5600,APPROX,-34.5405077,-58.5636361,https://www.argenprop.com/ph-en-alquiler-en-villa-ballester-2-ambientes--19955633,Argenprop
AP19643914,PH,470000,55,8545,3,2,Billinghurst,Alvear 5700,APPROX,-34.574719,-58.571565,https://www.argenprop.com/ph-en-alquiler-en-billinghurst-3-ambientes--19643914,Argenprop
AP20224205,PH,950000,80,11875,3,2,Villa Lynch,MITRE al 4500,APPROX,-34.5843324,-58.5476077,https://www.argenprop.com/ph-en-alquiler-en-villa-lynch-3-ambientes--20224205,Argenprop
AP20101560,PH,700000,70,10000,3,2,Jose Leon Suarez,Artigas 6900,APPROX,-34.540109,-58.576334,https://www.argenprop.com/ph-en-alquiler-en-jose-leon-suarez-3-ambientes--20101560,Argenprop
AP3672543,PH,1300000,105,12381,4,3,Villa Ballester,92- J V Gonzalez 2400,APPROX,-34.5289848,-58.5754297,https://www.argenprop.com/ph-en-alquiler-en-villa-ballester-4-ambientes--3672543,Argenprop
AP19983684,PH,580000,70,8286,3,2,San Andres,Congreso al 3700,APPROX,-34.561482,-58.5471084,https://www.argenprop.com/ph-en-alquiler-en-san-andres-3-ambientes--19983684,Argenprop
AP20116821,PH,400000,45,8889,2,1,Billinghurst,Carlos pellegrini 6100,APPROX,-34.576611,-58.578468,https://www.argenprop.com/ph-en-alquiler-en-billinghurst-2-ambientes--20116821,Argenprop
AP19548137,PH,490000,40,12250,2,1,San Andres,Caseros 2600,APPROX,-34.5742141,-58.5454332,https://www.argenprop.com/ph-en-alquiler-en-san-andres-2-ambientes--19548137,Argenprop
AP19700006,PH,490000,40,12250,2,1,Jose Leon Suarez,Profesor Aguer al 6900,APPROX,-34.5509336,-58.5582561,https://www.argenprop.com/ph-en-alquiler-en-jose-leon-suarez-2-ambientes--19700006,Argenprop
AP18944303,PH,380000,36,10556,2,1,Villa Libertad,Primera Junta 2400,APPROX,-34.589196,-58.558935,https://www.argenprop.com/ph-en-alquiler-en-villa-libertad-2-ambientes--18944303,Argenprop
AP20163595,PH,800000,54,14815,2,1,Villa Ballester,República 5500,APPROX,-34.5420634,-58.556471,https://www.argenprop.com/ph-en-alquiler-en-villa-ballester-2-ambientes--20163595,Argenprop
AP19091472,PH,450000,44,10227,3,2,Loma Hermosa,Lujan 500,APPROX,-34.5631605,-58.5938672,https://www.argenprop.com/ph-en-alquiler-en-loma-hermosa-3-ambientes--19091472,Argenprop
AP19781092,PH,1000000,100,10000,4,2,Villa Maipu,Conscripto Bernardi 1600,APPROX,-34.57496,-58.525473,https://www.argenprop.com/ph-en-alquiler-en-villa-maipu-3-ambientes--19781092,Argenprop
AP19223963,PH,1500000,125,12000,4,2,Centro,Caseros 2500,APPROX,-34.575139,-58.544423,https://www.argenprop.com/ph-en-alquiler-en-centro-3-ambientes--19223963,Argenprop
AP19949548,PH,550000,42,13095,2,1,Villa Ballester,Villarroel 5400,APPROX,-34.536496,-58.5484,https://www.argenprop.com/ph-en-alquiler-en-villa-ballester-2-ambientes--19949548,Argenprop
AP14939932,PH,450000,45,10000,2,1,Jose Leon Suarez,Santa Cruz 2700,APPROX,-34.535062,-58.571886,https://www.argenprop.com/ph-en-alquiler-en-jose-leon-suarez-2-ambientes--14939932,Argenprop
AP12642474,PH,300000,30,10000,2,1,Villa Bonich,Guido Spano 5300,APPROX,-34.574699,-58.56371,https://www.argenprop.com/ph-en-alquiler-en-villa-bonich-2-ambientes--12642474,Argenprop
AP19728150,PH,580000,40,14500,2,1,Loma Hermosa,Parana 6300,APPROX,-34.5603938,-58.5893007,https://www.argenprop.com/ph-en-alquiler-en-loma-hermosa-2-ambientes--19728150,Argenprop
AP20183047,PH,650000,51,12745,2,1,Villa Ballester,Lynch Pueyrredon 4400,APPROX,-34.5652001,-58.5641047,https://www.argenprop.com/ph-en-alquiler-en-villa-ballester-2-ambientes--20183047,Argenprop
AP18566503,PH,620000,60,10333,3,2,Villa Ballester,"Congreso 400, Piso 1°",APPROX,-34.5669635,-58.5402898,https://www.argenprop.com/ph-en-alquiler-en-villa-ballester-3-ambientes--18566503,Argenprop
AP19996668,PH,650000,45,14444,2,1,San Andres,Tucuman 2600,APPROX,-34.5735516,-58.5447089,https://www.argenprop.com/ph-en-alquiler-en-san-andres-2-ambientes--19996668,Argenprop
AP20125368,PH,1450000,100,14500,4,3,Villa Ballester,Profesor Aguer 4900,APPROX,-34.5509336,-58.5582561,https://www.argenprop.com/ph-en-alquiler-en-villa-ballester-4-ambientes--20125368,Argenprop
AP19961304,PH,1200000,90,13333,3,3,General San Martin,Rivadavia al 4300,APPROX,-34.5720473,-58.5362572,https://www.argenprop.com/ph-en-alquiler-en-general-san-martin-3-ambientes--19961304,Argenprop
AP20159201,PH,600000,60,10000,2,1,Villa Ballester,Cuba 4200,APPROX,-34.5555127,-58.5712695,https://www.argenprop.com/ph-en-alquiler-en-villa-ballester-2-ambientes--20159201,Argenprop
AP19950460,PH,950000,80,11875,4,3,Villa Ballester,Agustin Alvarez 2300,APPROX,-34.553847,-58.541406,https://www.argenprop.com/ph-en-alquiler-en-villa-ballester-4-ambientes--19950460,Argenprop
AP20105929,PH,800000,75,10667,3,2,Jose Leon Suarez,Aristobulo del valle al 7059,APPROX,-34.5511686,-58.5641824,https://www.argenprop.com/ph-en-alquiler-en-jose-leon-suarez-3-ambientes--20105929,Argenprop
AP19518856,PH,400000,40,10000,1,,Villa Ballester,"112- VICENTE LOPEZ 4000, Piso PB",APPROX,-34.559712,-58.564185,https://www.argenprop.com/ph-en-alquiler-en-villa-ballester-1-ambiente--19518856,Argenprop
AP20091819,PH,700000,55,12727,3,2,General San Martin,CONGRESO al 3789,APPROX,-34.5568771,-58.5529437,https://www.argenprop.com/ph-en-alquiler-en-general-san-martin-3-ambientes--20091819,Argenprop
AP19782071,PH,890000,80,11125,3,2,Villa Lynch,BOULOGNE SUR MER al 5000,APPROX,-34.5229786,-58.5805189,https://www.argenprop.com/ph-en-alquiler-en-villa-lynch-3-ambientes--19782071,Argenprop
AP12432192,PH,750000,60,12500,3,2,San Andres Barrio Golf,"French 2400, Piso PB",APPROX,-34.5660815,-58.53166,https://www.argenprop.com/ph-en-alquiler-en-san-andres-barrio-golf-3-ambientes--12432192,Argenprop
AP19801400,PH,1100000,78,14103,3,2,Villa Ballester,"Independencia 4700, Piso 2",APPROX,-34.5509291,-58.5543391,https://www.argenprop.com/ph-en-alquiler-en-villa-ballester-3-ambientes--19801400,Argenprop
AP19613216,PH,300000,20,15000,1,,Villa Ballester,"Almirante Brown 3016 , Provincia de Buenos Aires, 100",APPROX,-34.5519426,-58.5575687,https://www.argenprop.com/ph-en-alquiler-en-villa-ballester-1-ambiente--19613216,Argenprop
AP19953501,PH,650000,47,13830,3,2,Villa Ballester,Lavalle al 1600,APPROX,-34.5463469,-58.5527333,https://www.argenprop.com/ph-en-alquiler-en-villa-ballester-3-ambientes--19953501,Argenprop
AP19981462,PH,350000,30,11667,1,,Jose Leon Suarez,Matheu 1200,APPROX,-34.508864,-58.5786357,https://www.argenprop.com/ph-en-alquiler-en-jose-leon-suarez-1-ambiente--19981462,Argenprop
AP19963921,PH,400000,35,11429,2,1,Villa Bonich,"Adelina Hue 4900, Piso PB",APPROX,-34.575883,-58.557523,https://www.argenprop.com/ph-en-alquiler-en-villa-bonich-2-ambientes--19963921,Argenprop
AP19440269,PH,400000,34,11765,2,1,Villa Ballester,Colon 3600,APPROX,-34.5511401,-58.5614535,https://www.argenprop.com/ph-en-alquiler-en-villa-ballester-2-ambientes--19440269,Argenprop
AP19841461,PH,650000,45,14444,2,1,Villa Ballester,Sargento Cabral al 1300,APPROX,-34.5336964,-58.5555646,https://www.argenprop.com/ph-en-alquiler-en-villa-ballester-3-ambientes--19841461,Argenprop
AP15284183,PH,630000,47,13404,2,1,Villa Ballester,Enrique Marengo 4500,APPROX,-34.5519978,-58.5530827,https://www.argenprop.com/ph-en-alquiler-en-villa-ballester-2-ambientes--15284183,Argenprop
AP17367104,PH,500000,50,10000,3,2,Villa Granaderos de San Martin,R. BALBIN 4900,APPROX,-34.5660246,-58.5639894,https://www.argenprop.com/ph-en-alquiler-en-villa-granaderos-de-san-martin-3-ambientes--17367104,Argenprop
AP19771050,PH,450000,40,11250,2,1,General San Martin,Avenida Ricardo Balbin 5600,APPROX,-34.5626954,-58.5916274,https://www.argenprop.com/ph-en-alquiler-en-general-san-martin-2-ambientes--19771050,Argenprop
AP19774398,PH,400000,50,8000,3,2,Villa Ballester,Avenida Ricardo Balbin 4900,APPROX,-34.5624168,-58.5891919,https://www.argenprop.com/ph-en-alquiler-en-villa-ballester-3-ambientes--19774398,Argenprop
AP8086640,PH,460000,45,10222,2,1,Villa Libertad,"Posadas 3200, Piso 1",APPROX,-34.581002,-58.564734,https://www.argenprop.com/ph-en-alquiler-en-villa-libertad-2-ambientes--8086640,Argenprop
AP19741985,PH,1000000,100,10000,3,2,Villa Lynch,Avellaneda al 2400,APPROX,-34.5395591,-58.5673195,https://www.argenprop.com/ph-en-alquiler-en-villa-lynch-3-ambientes--19741985,Argenprop
AP19646987,PH,715000,50,14300,3,2,Villa Lynch,Suipacha al 2400,APPROX,-34.5747751,-58.5829311,https://www.argenprop.com/ph-en-alquiler-en-villa-lynch-3-ambientes--19646987,Argenprop
