posting_id,tipo,precio,m2,precio_m2,ambientes,dormitorios,zona,direccion,visibilidad,lat,lon,url,fuente,zona_geo
60244940,Departamento,800000,65,12308,3,2,Villa Ballester,Independencia 5600,EXACT,-34.5450058,-58.56190109,https://www.zonaprop.com.ar/propiedades/clasificado/alclapin-departamento-3-ambientes.-excelente-ubicacion-60244940.html,Zonaprop,Villa Ballester
60051747,Departamento,530000,40,13250,2,1,Villa Ballester,San Lorenzo 4190,EXACT,-34.5630415,-58.55910389999999,https://www.zonaprop.com.ar/propiedades/clasificado/alclapin-departamento-2-ambientes-villa-ballester-60051747.html,Zonaprop,Villa Las Heras
60223915,Departamento,750000,52,14423,2,1,Villa Ballester,Witcomb al 2600,EXACT,-34.5515192012,-58.5513401445,https://www.zonaprop.com.ar/propiedades/clasificado/alclapin-departamento-2-ambientes-villa-ballester-alquiler-60223915.html,Zonaprop,Villa Ballester
60138483,Departamento,1100000,100,11000,3,2,Villa Ballester,Artigas 5300,EXACT,-34.54899979,-58.56320953,https://www.zonaprop.com.ar/propiedades/clasificado/alclapin-duplex-3-ambientes-con-cochera-patio-y-parrilla-60138483.html,Zonaprop,Villa Guido
60304361,Departamento,800000,56,14286,2,1,Villa Ballester,Boulevard Ballester 4890,EXACT,-34.5476191,-58.5529791,https://www.zonaprop.com.ar/propiedades/clasificado/alclapin-alquiler-departamento-de-2-ambientes-60304361.html,Zonaprop,Villa Ballester
60113655,Departamento,900000,60,15000,3,2,Villa Ballester,Alvear al 2200,EXACT,-34.5462656,-58.5502973,https://www.zonaprop.com.ar/propiedades/clasificado/alclapin-departamento-en-villa-ballester-60113655.html,Zonaprop,Villa Ballester
60276418,Departamento,700000,53,13208,2,1,Villa Ballester,Boulevard Ballester 4979,EXACT,-34.54997830000001,-58.559267899999995,https://www.zonaprop.com.ar/propiedades/clasificado/alclapin-departamento-2-amb-boulevard-ballester-4900-60276418.html,Zonaprop,Villa Guido
59476747,Departamento,750000,70,10714,3,2,Villa Lynch,PERDRIEL 4489,EXACT,-34.585817,-58.53881099999999,https://www.zonaprop.com.ar/propiedades/clasificado/alclapin-alquiler-depto-3-amb-san-martin-59476747.html,Zonaprop,San Martín Centro
60262445,Departamento,730000,54,13519,2,1,San Martín Centro,Oscar Salguero 2500,EXACT,-34.5721095,-58.5417818,https://www.zonaprop.com.ar/propiedades/clasificado/alclapin-departamento-de-2-ambientes-con-lavadero-y-balcon-60262445.html,Zonaprop,San Martín Centro
59846157,Departamento,630000,60,10500,3,2,Villa Libertad,Av. Presidente Peron al 5800,EXACT,-34.5866484951,-58.5603831695,https://www.zonaprop.com.ar/propiedades/clasificado/alclapin-alquiler-departamento-3-ambientes-en-v.-libertad-59846157.html,Zonaprop,Villa Libertad
58945970,Departamento,600000,60,10000,3,2,General San Martín,Rogelio Vidal al 6100,EXACT,-34.5898387,-58.5617192,https://www.zonaprop.com.ar/propiedades/clasificado/alclapin-alquiler-departamento-3-ambientes-en-v.-libertad-58945970.html,Zonaprop,Villa Libertad
59962332,Departamento,500000,40,12500,1,,San Martín Centro,Liniers  al 1800,EXACT,-34.5814822,-58.5382864,https://www.zonaprop.com.ar/propiedades/clasificado/alclapin-alquiler-monoambiente-c-balcon-san-martin-59962332.html,Zonaprop,San Martín Centro
60159469,Departamento,450000,42,10714,1,,Villa Libertad,Triunvirato al 3000,EXACT,-34.5861249293,-58.568598032,https://www.zonaprop.com.ar/propiedades/clasificado/alclapin-alquiler-departamento-monoambiente-amplio-en-v.-60159469.html,Zonaprop,Villa Libertad
60110200,Departamento,1390000,125,11120,5,4,General San Martín,República e/ Alvear y Lavalle,EXACT,-34.5618081,-58.5227538,https://www.zonaprop.com.ar/propiedades/clasificado/alclapin-departamento-en-alquiler-4-dorm.-1-bano-125-m-60110200.html,Zonaprop,Villa Maipu
60154031,Departamento,550000,50,11000,2,1,José León Suárez,Virrey Cisneros al 8400,EXACT,-34.5171486,-58.5743563,https://www.zonaprop.com.ar/propiedades/clasificado/alclapin-alquiler-departamento-2-ambientes-en-jose-leon-suarez-60154031.html,Zonaprop,Ciudad Jardín El Libertador
60159207,Departamento,750000,60,12500,3,2,José León Suárez,Virrey Cisneros al 8400,EXACT,-34.5171486,-58.5743563,https://www.zonaprop.com.ar/propiedades/clasificado/alclapin-alquiler-departamento-3-ambientes-en-jose-leon-suarez-60159207.html,Zonaprop,Ciudad Jardín El Libertador
59680540,Departamento,295000,26,11346,1,,General San Martín,"La Crujía 4938, Villa Juan Martín de Pueyrredón, Provincia de Buenos Aires, Argentina",EXACT,-34.5776772347,-58.5564132074,https://www.zonaprop.com.ar/propiedades/clasificado/alclapin-monoambiente-en-venta-en-villa-juan-martin-de-59680540.html,Zonaprop,Villa Pueyrredón
58553951,Departamento,350000,35,10000,1,,General San Martín,Segunda Rivadavia al 2800,EXACT,-34.5801957073,-58.5586537827,https://www.zonaprop.com.ar/propiedades/clasificado/alclapin-alquiler-departamento-monoambiente-en-v.-libertad-58553951.html,Zonaprop,Villa Pueyrredón
60263710,Departamento,900000,65,13846,3,2,Villa Maipu,Marcelo Torcuato de Alvear 1600,EXACT,-34.5676862,-58.516687,https://www.zonaprop.com.ar/propiedades/clasificado/alclapin-alquiler-depto-3-amb-villa-maipu-centro-exc-ubicac-60263710.html,Zonaprop,Villa Maipu
58833517,Departamento,550000,53,10377,2,1,José León Suárez,12 de Octubre  al 6500,EXACT,-34.5390678,-58.5722345,https://www.zonaprop.com.ar/propiedades/clasificado/alclapin-departamento-en-alquiler-2-ambientes-j.-l-suarez-58833517.html,Zonaprop,Villa Godoy Cruz
59714889,Departamento,450000,41,10976,2,1,General San Martín,Echeverria 2086,EXACT,-34.5669555,-58.5236248,https://www.zonaprop.com.ar/propiedades/clasificado/alclapin-alquiler-depto.-2-ambientes-tipo-loft-echeverria-59714889.html,Zonaprop,Villa Maipu
60097739,Departamento,650000,45,14444,2,1,Villa Ballester,Republica al 4900,EXACT,-34.5458736,-58.5518724,https://www.zonaprop.com.ar/propiedades/clasificado/alclapin-hermoso-depto.-2-ambientes-con-cochera-en-alquiler-60097739.html,Zonaprop,Villa Ballester
60256848,Departamento,550000,46,11957,2,1,Villa Ballester,Ayacucho al 3400,EXACT,-34.5618909,-58.5490667,https://www.zonaprop.com.ar/propiedades/clasificado/alclapin-departamento-2-ambientes-excelente-ubicacion-60256848.html,Zonaprop,San Andrés
60317009,Departamento,550000,45,12222,2,1,Villa Ballester,Aguer 5300,EXACT,-34.54854770000001,-58.56136120000001,https://www.zonaprop.com.ar/propiedades/clasificado/alclapin-departamento-2-ambientes-tipo-ph-en-villa-ballester-60317009.html,Zonaprop,Villa Guido
60311159,Departamento,580000,39,14872,1,,Villa Ballester,Belgrano al 4967 1 C,EXACT,-34.5855494,-58.546765,https://www.zonaprop.com.ar/propiedades/clasificado/alclapin-moderno-monoambiente-con-balcon-39-m-sup2-60311159.html,Zonaprop,San Martín Centro
60057705,Departamento,680000,55,12364,2,1,Villa Ballester,REPUBLICA 5053. Entre 122 Paz. Gral y C 126 Lamadrid,EXACT,-34.5449935,-58.5524411,https://www.zonaprop.com.ar/propiedades/clasificado/alclapin-departamento-1-dormitorio.-republica-5053-60057705.html,Zonaprop,Villa Ballester
58491906,Departamento,650000,46,14130,2,1,San Martín Centro,Saavedra 1916,EXACT,-34.57474899,-58.53214645,https://www.zonaprop.com.ar/propiedades/clasificado/alclapin-depto.-2-ambientes-en-san-martin-centro-con-cochera-58491906.html,Zonaprop,San Martín Centro
58252466,Departamento,650000,60,10833,3,2,José León Suárez,Buenos Aires al 7500,EXACT,-34.5287702819,-58.5744133106,https://www.zonaprop.com.ar/propiedades/clasificado/alclapin-departamento-en-alquiler-en-jose-leon-suarez-58252466.html,Zonaprop,Ciudad Jardín El Libertador
59331255,Departamento,450000,35,12857,2,1,Villa Ballester,Libertador Gral. San Martin 6032,EXACT,-34.5561715,-58.5839429,https://www.zonaprop.com.ar/propiedades/clasificado/alclapin-departamento-de-2-ambientes-con-patio-59331255.html,Zonaprop,Villa Zapiola
59929588,Departamento,630000,43,14651,2,1,Villa Ballester,Pacifico Rodriguez al 4900,EXACT,-34.5488348,-58.5546948,https://www.zonaprop.com.ar/propiedades/clasificado/alclapin-departamento-2-ambientes-villa-ballester-centro-59929588.html,Zonaprop,Villa Ballester
60301322,Departamento,550000,51,10784,2,1,Villa Ballester,Alvear 1962,EXACT,-34.5443801,-58.547768,https://www.zonaprop.com.ar/propiedades/clasificado/alclapin-departamento-2-ambientes-con-patio-y-terraza-en-villa-60301322.html,Zonaprop,Villa Ballester
58884750,Departamento,750000,55,13636,3,2,San Martín Centro,Pellegrini 2056,EXACT,-34.57813644,-58.53915787,https://www.zonaprop.com.ar/propiedades/clasificado/alclapin-alquiler-semipiso-3-amb-c-balcon-frances-fte-municipio-58884750.html,Zonaprop,San Martín Centro
60362321,Departamento,850000,60,14167,2,1,Villa Ballester,Independencia  5055 8°,EXACT,-34.54854965,-58.55696487,https://www.zonaprop.com.ar/propiedades/clasificado/alclapin-alquiler-departamento-2-ambientes-cochera-villa-60362321.html,Zonaprop,Villa Ballester
59445688,Departamento,770000,53,14528,2,1,San Martín Centro,Cerrito 2309,EXACT,-38.416097,-63.61667199999999,https://www.zonaprop.com.ar/propiedades/clasificado/alclapin-san-martin.-dos-ambientes-ultima-unidad.-a-estrenar.-59445688.html,Zonaprop,San Martín Centro
59674052,Departamento,650000,44,14773,2,1,Villa Ballester,Mar Del Plata 2900,EXACT,-34.5422242337,-58.5678282446,https://www.zonaprop.com.ar/propiedades/clasificado/alclapin-departamento-2-ambientes-en-villa-ballester-59674052.html,Zonaprop,Villa Godoy Cruz
59836153,Departamento,630000,50,12600,2,1,Villa Ballester,,,-34.5508993,-58.5615154,https://www.zonaprop.com.ar/propiedades/clasificado/alclapin-alquiler-departamento-2-ambientes-villa-59836153.html,Zonaprop,Villa Guido
60091745,Departamento,600000,52,11538,2,1,Villa Ballester,Buenos Aires 5882,EXACT,-34.5397209,-58.561143,https://www.zonaprop.com.ar/propiedades/clasificado/alclapin-departamento-2-amb-con-patio-buenos-aires-al-5800-60091745.html,Zonaprop,Villa Ballester
60177129,Departamento,620000,55,11273,2,1,José León Suárez,,,-34.541320520421245,-58.5704865565918,https://www.zonaprop.com.ar/propiedades/clasificado/alclapin-1-dormitorio-c-152-biarritz-3002-60177129.html,Zonaprop,Villa Godoy Cruz
60366332,Departamento,550000,39,14103,1,,Villa Ballester,Lavalle 2344,EXACT,-34.5460354,-58.5521688,https://www.zonaprop.com.ar/propiedades/clasificado/alclapin-alquiler-monoambiente-con-balcon-y-garage-lavalle-60366332.html,Zonaprop,Villa Ballester
60173591,Departamento,450000,36,12500,2,1,José León Suárez,Pacifico Rodriguez al 6900,EXACT,-34.5344782,-58.5727072,https://www.zonaprop.com.ar/propiedades/clasificado/alclapin-departamento-en-jose-leon-suarez-60173591.html,Zonaprop,Villa Ballester
60287888,Departamento,1120000,90,12444,3,,Villa Ballester,Lacroze al 5500,EXACT,-34.5442259,-58.5591769,https://www.zonaprop.com.ar/propiedades/clasificado/alclapin-departamento-en-villa-ballester-60287888.html,Zonaprop,Villa Ballester
60004218,Departamento,630000,49,12857,2,1,San Martín Centro,Prof. Agustin Rogelio Vidal al 3500,EXACT,-34.5716469,-58.5407425,https://www.zonaprop.com.ar/propiedades/clasificado/alclapin-departamento-en-s.-martin-ctro-60004218.html,Zonaprop,San Martín Centro
59909109,Departamento,550000,66,8333,2,1,Villa Ballester,Artigas 6660,EXACT,-34.5409342,-58.5743538,https://www.zonaprop.com.ar/propiedades/clasificado/alclapin-departamento-de-2-ambientes-con-2-patios-59909109.html,Zonaprop,Villa Godoy Cruz
59617104,Departamento,800000,62,12903,2,1,Villa Ballester,Profesor Aguer al 5044 7 E,EXACT,-34.5505629,-58.559025,https://www.zonaprop.com.ar/propiedades/clasificado/alclapin-2-amb-en-edificio-palmares-59617104.html,Zonaprop,Villa Guido
60316911,Departamento,550000,39,14103,2,1,San Martín Centro,Moreno 3680,EXACT,-34.57807541,-58.53565979,https://www.zonaprop.com.ar/propiedades/clasificado/alclapin-alquiler-depto-semipiso-dos-amb-san-martin-centro-60316911.html,Zonaprop,San Martín Centro
59885052,Departamento,540000,38,14211,2,1,General San Martín,CERRITO 2234,EXACT,-34.5739947,-58.537879,https://www.zonaprop.com.ar/propiedades/clasificado/alclapin-departamento-2-amb-balcon-59885052.html,Zonaprop,San Martín Centro
59513949,Departamento,800000,60,13333,3,2,Villa Ballester,Jose Hernandez 3195,EXACT,-34.5546384,-58.5576389,https://www.zonaprop.com.ar/propiedades/clasificado/alclapin-departamento-de-3-ambientes-con-balcon-59513949.html,Zonaprop,Villa Guido
59569502,Departamento,750000,70,10714,3,2,General San Martín,Salguero al 2100,EXACT,-34.5753121,-58.5377401,https://www.zonaprop.com.ar/propiedades/clasificado/alclapin-departamento-en-alquiler-3-ambientes-san-martin-59569502.html,Zonaprop,San Martín Centro
60305433,Departamento,550000,45,12222,2,1,Villa Ballester,Diagonal Chilavert al 6480,EXACT,-34.540436762734494,-58.57237483173833,https://www.zonaprop.com.ar/propiedades/clasificado/alclapin-alquiler-depto-frente-luminoso-60305433.html,Zonaprop,Villa Godoy Cruz
59912466,Departamento,690000,51,13529,2,1,San Martín Centro,Juarez 3508,EXACT,-34.57863617,-58.53215408,https://www.zonaprop.com.ar/propiedades/clasificado/alclapin-alquiler-semipiso-2-amb-al-frente-c-amenities-59912466.html,Zonaprop,San Martín Centro
59758996,Departamento,550000,38,14474,1,,San Andrés,Intendente Ballester 3067,EXACT,-34.56268311,-58.54493332,https://www.zonaprop.com.ar/propiedades/clasificado/alclapin-departamento-monoambiente-con-cochera-59758996.html,Zonaprop,San Andrés
59782001,Departamento,500000,35,14286,1,,Villa Ballester,Pueyrredón 2143,EXACT,-34.5465126,-58.54812241,https://www.zonaprop.com.ar/propiedades/clasificado/alclapin-impecable-monoambiente-59782001.html,Zonaprop,Villa Ballester
59516298,Departamento,750000,60,12500,2,1,Villa Ballester,Profesor Aguer al 5044 5 H,EXACT,-34.55058290000001,-58.5590011,https://www.zonaprop.com.ar/propiedades/clasificado/alclapin-hermoso-y-amplio-2-amb-con-cochera-cubierta-edificio-59516298.html,Zonaprop,Villa Guido
60036106,Departamento,600000,44,13636,2,1,San Andrés,Adelina Hue 3460,EXACT,-34.5662717,-58.54640569999999,https://www.zonaprop.com.ar/propiedades/clasificado/alclapin-departamento-de-2-ambientes-con-balcon-60036106.html,Zonaprop,San Andrés
59511268,Departamento,700000,53,13208,2,1,Villa Ballester,Boulevard Ballester 4688,EXACT,-34.548912099999995,-58.551837799999994,https://www.zonaprop.com.ar/propiedades/clasificado/alclapin-hermoso-2-amb.-con-balcon-en-ballester-centro-59511268.html,Zonaprop,Villa Ballester
59294871,Departamento,500000,40,12500,2,1,José León Suárez,Sarmiento al 7500,EXACT,-34.5269333,-58.570371,https://www.zonaprop.com.ar/propiedades/clasificado/alclapin-ph-en-alquiler-2-ambientes-suarez-59294871.html,Zonaprop,Villa Ballester
60156717,Departamento,600000,65,9231,4,3,Villa Libertad,62 5800,EXACT,-34.58726883,-58.55933762,https://www.zonaprop.com.ar/propiedades/clasificado/alclapin-alquiler-departamento-cuatro-ambientes-san-martin-60156717.html,Zonaprop,Villa Libertad
57600566,Departamento,280000,23,12174,1,,José León Suárez,"Solis 2932, 5TO ""A"" Jose Leon Suarez",EXACT,-34.5374378,-58.5756611,https://www.zonaprop.com.ar/propiedades/clasificado/alclapin-departamento-jose-leon-suarez-57600566.html,Zonaprop,Villa Godoy Cruz
60006262,Departamento,750000,52,14423,2,1,Villa Ballester,SAN Juan  al 4400,EXACT,-34.5492122,-58.5490673,https://www.zonaprop.com.ar/propiedades/clasificado/alclapin-alquiler-departamento-2-ambientes-balcon-sum-60006262.html,Zonaprop,Villa Ballester
60293938,Departamento,780000,55,14182,2,1,Villa Ballester,Witcomb 2697 6°,EXACT,-34.5514681,-58.5514956,https://www.zonaprop.com.ar/propiedades/clasificado/alclapin-alquiler-departamento-2-ambientes-centrico-villa-60293938.html,Zonaprop,Villa Ballester
60114446,Departamento,800000,58,13793,3,2,Villa Ballester,Marengo 4529,EXACT,-34.5517328,-58.55312069999999,https://www.zonaprop.com.ar/propiedades/clasificado/alclapin-ph-de-3-ambientes-con-2-patios-y-lavadero-60114446.html,Zonaprop,Villa Ballester
59104186,Departamento,700000,67,10448,4,3,Villa Lynch,Quintana 2350. Entre Pueyrredon y Rivadavia,EXACT,-34.5818376,-58.5309586,https://www.zonaprop.com.ar/propiedades/clasificado/alclapin-alquiler-depto-4-ambientes-con-cochera-en-villa-lynch-59104186.html,Zonaprop,Villa Chacabuco
60263168,Departamento,550000,40,13750,2,1,José León Suárez,Alfonsina Storni al 6900,EXACT,-34.5407129,-58.5792507,https://www.zonaprop.com.ar/propiedades/clasificado/alclapin-departamento-en-alquiler-en-jose-leon-suarez-60263168.html,Zonaprop,Ciudad Jardín El Libertador
60302242,Departamento,600000,40,15000,2,,Villa Ballester,Almirante Brown al 3100,EXACT,-34.5528131,-58.55880380000001,https://www.zonaprop.com.ar/propiedades/clasificado/alclapin-luminoso-departamento-de-dos-ambientes-con-cochera-a-2-60302242.html,Zonaprop,Villa Guido
60363342,Departamento,2500000,290,8621,4,3,San Andrés,Tucuman al 2900,EXACT,-34.5700584,-58.5486158,https://www.zonaprop.com.ar/propiedades/clasificado/alclapin-piso-a-estrenar-en-san-andres.-cochera-doble-y-terraza-60363342.html,Zonaprop,Villa Yapeyú
60241326,Departamento,750000,50,15000,2,1,Villa Ballester,Intendente Witcomb 2697,EXACT,-34.5514716,-58.551484099999996,https://www.zonaprop.com.ar/propiedades/clasificado/alclapin-departamento-dos-ambientes-con-cochera-cubierta-60241326.html,Zonaprop,Villa Ballester
59819708,Departamento,650000,45,14444,2,1,General San Martín,Conscripto Bernardi,EXACT,-34.5704878,-58.5308272,https://www.zonaprop.com.ar/propiedades/clasificado/alclapin-departamento-en-v.-maipu-59819708.html,Zonaprop,Villa Maipu
59957470,Departamento,800000,74,10811,3,2,Villa Libertad,Ricardo Guiraldes 5808,EXACT,-34.5832364,-58.5641244,https://www.zonaprop.com.ar/propiedades/clasificado/alclapin-departamento-3-amb-en-alquiler-en-villa-libertad-san-59957470.html,Zonaprop,Villa Libertad
60130663,Departamento,850000,67,12687,2,1,General San Martín,Cochabamba al 2300,EXACT,-34.5723959163,-58.538107573,https://www.zonaprop.com.ar/propiedades/clasificado/alclapin-departamento-en-alquiler-2-ambientes-gral.-san-martin-60130663.html,Zonaprop,San Martín Centro
60286467,Departamento,700000,48,14583,2,1,Villa Ballester,America  4339,EXACT,-34.5550807,-58.55309279999999,https://www.zonaprop.com.ar/propiedades/clasificado/alclapin-alquiler-depto-de-2-amb-america-4339-villa-ballester-60286467.html,Zonaprop,Villa Las Heras
57947842,Departamento,600000,56,10714,2,1,Villa Ballester,Independencia 4930,EXACT,-34.54978943,-58.55585098,https://www.zonaprop.com.ar/propiedades/clasificado/alclapin-departamento-2-ambientes-centrico-57947842.html,Zonaprop,Villa Ballester
59802584,Departamento,400000,27,14815,1,,Villa Ballester,Pacífico Rodríguez 6119,EXACT,-34.539993200000005,-58.5659235,https://www.zonaprop.com.ar/propiedades/clasificado/veclapin-departamento-de-27-m-sup2--de-1-ambiente-en-venta-y-59802584.html,Zonaprop,Villa Ballester
60358234,Departamento,450000,32,14062,1,,San Martín Centro,Matheu 3412,EXACT,-34.5738043,-58.5366654,https://www.zonaprop.com.ar/propiedades/clasificado/alclapin-excelente-departamento-monoambiente-dividido-en-60358234.html,Zonaprop,San Martín Centro
59964188,Departamento,530000,38,13947,2,1,General San Martín,Pellegrini al 1900,EXACT,-34.5791795719,-58.5375900265,https://www.zonaprop.com.ar/propiedades/clasificado/alclapin-departamento-general-san-martin-59964188.html,Zonaprop,San Martín Centro
60357107,Departamento,650000,46,14130,2,1,San Martín Centro,Ayacucho 2200,EXACT,-34.5726494,-58.5362214,https://www.zonaprop.com.ar/propiedades/clasificado/alclapin-alquiler-departamento-2-amb-san-martin-centro-60357107.html,Zonaprop,San Martín Centro
60360108,Departamento,800000,65,12308,3,2,San Martín Centro,SAN LORENZO 2219,EXACT,-34.575813,-58.539898,https://www.zonaprop.com.ar/propiedades/clasificado/alclapin-balcon-al-frente-3-amb.-aceptan-mascotas!-60360108.html,Zonaprop,San Martín Centro
59447470,Departamento,300000,25,12000,1,,San Andrés,Chaco al 3838,EXACT,-34.5513857,-58.541524,https://www.zonaprop.com.ar/propiedades/clasificado/alclapin-monoambiente-sin-expensas-59447470.html,Zonaprop,Villa Marqués de Aguado
60073630,Departamento,930000,66,14091,3,2,Villa Ballester,Moreno al 2300,EXACT,-34.5376695,-58.5625986,https://www.zonaprop.com.ar/propiedades/clasificado/alclapin-departamento-en-villa-ballester-60073630.html,Zonaprop,Villa Ballester
60364379,Departamento,1300000,97,13402,3,2,Villa Ballester,Independencia 5069 1H,EXACT,-34.548533,-58.55696,https://www.zonaprop.com.ar/propiedades/clasificado/alclapin-alquiler-departamento-3-ambientes-villa-ballester-60364379.html,Zonaprop,Villa Ballester
59566264,Departamento,550000,41,13415,2,1,General San Martín,Guemes 2276,EXACT,-34.5782562,-58.54361139999999,https://www.zonaprop.com.ar/propiedades/clasificado/alclapin-depto.-2-ambientes-guemes-2276-general-san-59566264.html,Zonaprop,San Martín Centro
59037078,Departamento,520000,55,9455,2,1,General San Martín,Segunda Rivadavia al 2800,EXACT,-34.5802203,-58.5586955,https://www.zonaprop.com.ar/propiedades/clasificado/alclapin-alquiler-departamento-2-ambientes-en-v.-libertad-con-59037078.html,Zonaprop,Villa Pueyrredón
60266396,Departamento,600000,40,15000,2,1,Villa Ballester,Alvear  al 2800,EXACT,-34.5504439839,-58.5550647487,https://www.zonaprop.com.ar/propiedades/clasificado/alclapin-departamento-2-ambientes-villa-ballester-centro-60266396.html,Zonaprop,Villa Ballester
60113750,Departamento,785000,60,13083,2,1,Villa Ballester,Independencia 5055 2C,EXACT,-34.54864,-58.5568324,https://www.zonaprop.com.ar/propiedades/clasificado/alclapin-alquiler-departamento-2-ambientes-villa-ballester-60113750.html,Zonaprop,Villa Ballester
60174127,Departamento,400000,35,11429,2,1,San Andrés,Libertad al 4100,EXACT,-34.573558,-58.5487115,https://www.zonaprop.com.ar/propiedades/clasificado/alclapin-alquiler-departamento-2-ambientes-en-san-andres-60174127.html,Zonaprop,Villa Yapeyú
59604229,Departamento,675000,52,12981,2,1,General San Martín,C 83 CERRITO 2119. Entre C 54 Mitre,EXACT,-34.57485060545902,-58.53643894246488,https://www.zonaprop.com.ar/propiedades/clasificado/alclapin-1-dormitorio-c-83-cerrito-2119-59604229.html,Zonaprop,San Martín Centro
59501052,Departamento,630000,42,15000,2,1,General San Martín,Profesor Vidal 3500,EXACT,-34.5717916,-58.5407593,https://www.zonaprop.com.ar/propiedades/clasificado/alclapin-2-ambientes-alquiler-san-martin-centro-59501052.html,Zonaprop,San Martín Centro
59718537,Departamento,350000,30,11667,1,,Billinghurst,Suipacha 5978,EXACT,-34.5729599,-58.58042908,https://www.zonaprop.com.ar/propiedades/clasificado/alclapin-monoambiente-en-alquiler-en-billinghurst-59718537.html,Zonaprop,Billinghurst
60366337,Departamento,700000,73,9589,3,2,General San Martín,Moreno 3494,EXACT,-34.5767918,-58.53405129999999,https://www.zonaprop.com.ar/propiedades/clasificado/alclapin-alquiler-depto-3-amb.-en-moreno-3494-san-martin-60366337.html,Zonaprop,San Martín Centro
59992445,Departamento,550000,40,13750,2,1,Villa Libertad,Prof. Agustin Rogelio Vidal al 6100,EXACT,-34.5898023,-58.5616831,https://www.zonaprop.com.ar/propiedades/clasificado/alclapin-alquiler-departamento-2-ambientes-en-villa-libertad-59992445.html,Zonaprop,Villa Libertad
59331251,Departamento,850000,71,11972,2,1,Villa Ballester,Alvear 1515,EXACT,-34.5416299,-58.5449462,https://www.zonaprop.com.ar/propiedades/clasificado/alclapin-departamento-de-2-ambientes-con-jardin-y-cochera-59331251.html,Zonaprop,Villa Gregoria Matorras
58271979,Departamento,550000,47,11702,2,1,José León Suárez,Sarmiento al 7500,EXACT,-34.5262305,-58.5714634,https://www.zonaprop.com.ar/propiedades/clasificado/alclapin-departamento-en-alquiler-2-ambientes-con-patio-jose-58271979.html,Zonaprop,Villa Ballester
59789061,Departamento,500000,40,12500,1,,Villa Lynch,Rondeau 2452,EXACT,-34.5780343,-58.547202199999994,https://www.zonaprop.com.ar/propiedades/clasificado/alclapin-comodo-monoambiente-en-alquiler-en-general-san-martin-59789061.html,Zonaprop,San Martín Centro
60091801,Departamento,650000,54,12037,2,1,Villa Ballester,Buenos Aires 5882,EXACT,-34.5397209,-58.561143,https://www.zonaprop.com.ar/propiedades/clasificado/alclapin-departamento-2-amb-con-2-patio-villa-ballester-60091801.html,Zonaprop,Villa Ballester
59086514,Departamento,350000,28,12500,1,,José León Suárez,Roldan 2019,EXACT,-34.5285667,-58.56876159999999,https://www.zonaprop.com.ar/propiedades/clasificado/alclapin-departamento-de-1-ambiente-con-balcon-59086514.html,Zonaprop,Villa Ballester
59023564,Departamento,550000,40,13750,1,1,General San Martín,Riobamba al 2300,EXACT,-34.5710557,-58.536784,https://www.zonaprop.com.ar/propiedades/clasificado/alclapin-departamento-san-martin-59023564.html,Zonaprop,San Martín Centro
59963484,Departamento,650000,45,14444,2,1,San Martín Centro,Mitre 4018,EXACT,-34.5785544,-58.540351300000005,https://www.zonaprop.com.ar/propiedades/clasificado/alclapin-en-alquiler-2-ambientes-centro-en-san-martin-sin-59963484.html,Zonaprop,San Martín Centro
59483691,Departamento,499000,40,12475,1,,Villa Ballester,Pueyrredon al 2100,EXACT,-34.5465878,-58.5481079,https://www.zonaprop.com.ar/propiedades/clasificado/alclapin-dpto.-1-amb.-moderno-villa-ballestermento-59483691.html,Zonaprop,Villa Ballester
60241564,Departamento,650000,50,13000,3,2,Villa Lynch,Lacroze 1399,EXACT,-34.593486999999996,-58.547137400000004,https://www.zonaprop.com.ar/propiedades/clasificado/alclapin-alquiler-departamento-3-ambientes-en-lacroze-1399-60241564.html,Zonaprop,Villa Monteagudo
60193075,Departamento,790000,57,13860,3,2,San Martín Centro,Oscar Salguero 2100,EXACT,-34.5754164,-58.5379092,https://www.zonaprop.com.ar/propiedades/clasificado/alclapin-alquiler-departamento-3-ambientes-san-martin-60193075.html,Zonaprop,San Martín Centro
60230445,Departamento,600000,45,13333,3,2,José León Suárez,Santa Cruz al 2800,EXACT,-34.53611394776379,-58.57307622939567,https://www.zonaprop.com.ar/propiedades/clasificado/alclapin-departamento-en-alquiler-3-ambientes-jose-leon-60230445.html,Zonaprop,Villa Ballester
60142083,Departamento,470000,45,10444,2,1,José León Suárez,Calle Libertad 6416,EXACT,-34.5185477,-58.5835973,https://www.zonaprop.com.ar/propiedades/clasificado/alclapin-departamento-2-amb-calle-libertad-al-6400-60142083.html,Zonaprop,Ciudad Jardín El Libertador
60012409,Departamento,850000,58,14655,3,2,Villa Ballester,Profesor Aguer al 4900,EXACT,-34.5510426,-58.5580908,https://www.zonaprop.com.ar/propiedades/clasificado/alclapin-oportunidad!-departamento-reciclado!-en-venta-3-60012409.html,Zonaprop,Villa Guido
59654173,Departamento,380000,28,13571,1,,Villa Ballester,Moreno 2653,EXACT,-34.5492357,-58.5588195,https://www.zonaprop.com.ar/propiedades/clasificado/alclapin-alquiler-monoambiente-villa-ballester-59654173.html,Zonaprop,Villa Guido
60051364,Departamento,600000,53,11321,2,1,José León Suárez,Esmeralda al 7100,EXACT,-34.5342910104,-58.5760508281,https://www.zonaprop.com.ar/propiedades/clasificado/alclapin-departamento-2-ambientes-en-alquiler-j.-l-suarez-60051364.html,Zonaprop,Villa Ballester
60245476,Departamento,800000,54,14815,3,2,Villa Ballester,Jose Hernandez 3112 2° Piso Frente,EXACT,-34.5541413,-58.5567506,https://www.zonaprop.com.ar/propiedades/clasificado/alclapin-alquiler-departamento-3-ambientes-centro-villa-60245476.html,Zonaprop,Villa Guido
59836990,Departamento,450000,45,10000,2,,Villa Ballester,1 de Agosto al 4700,EXACT,-34.563867971,-58.568175045,https://www.zonaprop.com.ar/propiedades/clasificado/alclapin-departamento-en-villa-ballester-59836990.html,Zonaprop,Villa Zapiola
46162488,Departamento,400000,45,8889,2,1,Villa Bonich,Av 101 N* 4518,EXACT,-34.5654302,-58.5680151,https://www.zonaprop.com.ar/propiedades/clasificado/alclapin-alquiler-s-av-101-departamento-2-ambientes-al-46162488.html,Zonaprop,Villa Pueyrredón
58724243,Departamento,750000,52,14423,2,1,General San Martín,Cerrito al 2300,EXACT,-34.5804843,-58.5344587,https://www.zonaprop.com.ar/propiedades/clasificado/alclapin-departamento-a-estrenar-en-alquiler-58724243.html,Zonaprop,San Martín Centro
59388493,Departamento,570000,45,12667,2,1,General San Martín,C 44 BENITO JUAREZ 3694. Entre C 89 Intendente Campos y C 85 Bonifacini,EXACT,-34.579447086720975,-58.533713221549995,https://www.zonaprop.com.ar/propiedades/clasificado/alclapin-departamento-1-dormitorio.-c-44-benito-juarez-3694-59388493.html,Zonaprop,San Martín Centro
58621622,Departamento,400000,38,10526,2,1,José León Suárez,1 de Agosto de al 1800,EXACT,-34.5523843725,-58.5823848358,https://www.zonaprop.com.ar/propiedades/clasificado/alclapin-2-ambientes-en-alquiler-a-nuevo-en-jose-leon-suarez-58621622.html,Zonaprop,Villa Zapiola
60232205,Departamento,480000,40,12000,2,1,Villa Ballester,Sarandí al 4415 1 3,EXACT,-34.5550167,-58.5760315,https://www.zonaprop.com.ar/propiedades/clasificado/alclapin-2-ambientes-1er-piso-por-escalera-sin-expensas-60232205.html,Zonaprop,Villa Zapiola
59498687,Departamento,1250000,85,14706,3,2,Villa Ballester,Boulevard Ballester al 4900,EXACT,-34.5474127,-58.55333539999998,https://www.zonaprop.com.ar/propiedades/clasificado/alclapin-departamento-en-alquiler-3-ambientes-59498687.html,Zonaprop,Villa Ballester
60059184,Departamento,700000,50,14000,2,1,Villa Ballester,La Rioja 2475,EXACT,-34.547286,-58.55283590000001,https://www.zonaprop.com.ar/propiedades/clasificado/alclapin-departamento-de-2-ambientes-con-balcon-corrido-60059184.html,Zonaprop,Villa Ballester
58909846,Departamento,650000,54,12037,2,1,Villa Ballester,Alvear  al 2000,EXACT,-34.5445608,-58.5481075,https://www.zonaprop.com.ar/propiedades/clasificado/alclapin-departamento-2-ambientes-terraza-en-comun-con-58909846.html,Zonaprop,Villa Ballester
58802695,Departamento,650000,48,13542,2,1,San Martín Centro,LINCOLN 3709. Entre Intendente campos y San martin,EXACT,-24.1866378,-65.3018322,https://www.zonaprop.com.ar/propiedades/clasificado/alclapin-alquiler-departamento-2-ambientes-en-san-martin-58802695.html,Zonaprop,San Martín Centro
59141337,Departamento,380000,30,12667,1,,José León Suárez,Av. Brig. Gral. J. M. De Rosas al 2900,EXACT,-34.5349539,-58.5769571,https://www.zonaprop.com.ar/propiedades/clasificado/alclapin-monoambiente-en-alquiler-en-jose-leon-suarez-centro-59141337.html,Zonaprop,Villa Godoy Cruz
59763311,Departamento,570000,40,14250,2,1,Villa Ballester,C 41 ITALIA 270. Entre C 118 Lavalle y C 122 General Paz,EXACT,-34.5366112,-58.5563112,https://www.zonaprop.com.ar/propiedades/clasificado/alclapin-alquiler-2-amb-departamento-planta-baja-villa-59763311.html,Zonaprop,Villa Gregoria Matorras
48390154,Departamento,500000,44,11364,1,,Villa Maipu,Ituzaingó 1536,EXACT,-34.5759634,-58.5258396,https://www.zonaprop.com.ar/propiedades/clasificado/alclapin-departamento-1-ambiente-amplio-con-cochera-48390154.html,Zonaprop,Villa Maipu
59685897,Departamento,630000,45,14000,2,1,General San Martín,Tucuman al 2500,EXACT,-34.574094,-58.5440556,https://www.zonaprop.com.ar/propiedades/clasificado/alclapin-departamento-general-san-martin-59685897.html,Zonaprop,San Martín Centro
59880684,Departamento,500000,35,14286,1,,José León Suárez,Sáenz Peña al 3100,EXACT,-34.5394639,-58.5753795,https://www.zonaprop.com.ar/propiedades/clasificado/alclapin-monoambiente-en-alquiler-j.-l-suarez-59880684.html,Zonaprop,Villa Godoy Cruz
59776212,Departamento,650000,50,13000,2,1,General San Martín,Rivadavia al 4200,EXACT,-34.5775639,-58.545469,https://www.zonaprop.com.ar/propiedades/clasificado/alclapin-departamento-general-san-martin-59776212.html,Zonaprop,San Martín Centro
60175936,Departamento,550000,40,13750,,,Villa Ballester,Pueyrredón al 2100,EXACT,-34.5465898,-58.54828209999999,https://www.zonaprop.com.ar/propiedades/clasificado/alclapin-departamento-monoambiente-en-alquiler-en-villa-60175936.html,Zonaprop,Villa Ballester
60345144,Departamento,500000,36,13889,1,1,Villa Ballester,Lacroze 4652,EXACT,-34.55,-58.552,https://www.zonaprop.com.ar/propiedades/clasificado/alclapin-alquiler-departamento-en-villa-ballester-60345144.html,Zonaprop,Villa Ballester
60152687,Departamento,550000,50,11000,3,2,Villa Ballester,Espa?a 5569,EXACT,-34.56142256581209,-58.580183224863895,https://www.zonaprop.com.ar/propiedades/clasificado/alclapin-departamento-de-3-ambientes-con-patio-60152687.html,Zonaprop,Villa Zapiola
59928391,Departamento,650000,70,9286,2,1,San Martín Centro,Moreno 3331,EXACT,-34.57561493,-58.53306198,https://www.zonaprop.com.ar/propiedades/clasificado/alclapin-excelente-depto.-2-amb.-con-balcon-y-dos-banos-59928391.html,Zonaprop,San Martín Centro
58313515,Departamento,680000,51,13333,2,1,San Martín Centro,Rondeau 2330,EXACT,-34.57909012,-58.54588318,https://www.zonaprop.com.ar/propiedades/clasificado/alclapin-en-alquiler-depto-tipo-casa-2-amb-con-patio-58313515.html,Zonaprop,San Martín Centro
53295316,Departamento,780000,95,8211,2,1,Villa Ballester,Alberdi 4522,EXACT,-34.55043411,-58.55150223,https://www.zonaprop.com.ar/propiedades/clasificado/alclapin-v.-ballester-centro:-depto-como-nuevo-2-amb-c-terraza-53295316.html,Zonaprop,Villa Ballester
60144012,Departamento,700000,50,14000,2,1,Villa Lynch,Bianchi 1300,EXACT,-34.591959314164,-58.544243258844,https://www.zonaprop.com.ar/propiedades/clasificado/alclapin-alquiler-depto-2-ambientes-amplio-villa-lynch-60144012.html,Zonaprop,Villa Monteagudo
58838319,Departamento,700000,54,12963,2,1,Villa Ballester,"ALBERDI, JUAN B., AV. 4500. Entre Pueyrredon y Int. Witcomb",EXACT,-34.5555701,-58.5442547,https://www.zonaprop.com.ar/propiedades/clasificado/alclapin-2-ambientes-casi-nuevo-alberdi-4522-58838319.html,Zonaprop,Villa Ballester
59294903,Departamento,2500000,262,9542,5,,Villa Ballester,Lacroze al 4700,EXACT,-34.5490882,-58.5531785,https://www.zonaprop.com.ar/propiedades/clasificado/alclapin-departamento-en-alquiler-5-ambientes-villa-ballester-59294903.html,Zonaprop,Villa Ballester
58770830,Departamento,1300000,100,13000,3,2,San Andrés,America 3000,EXACT,-34.5639278,-58.5419341,https://www.zonaprop.com.ar/propiedades/clasificado/alclapin-departamento-3-ambientes-de-categoria-al-frente-con-58770830.html,Zonaprop,San Andrés
59927953,Departamento,800000,76,10526,3,2,San Andrés,Rogelio Vidal 2712,EXACT,-34.566437653763145,-58.534488391284206,https://www.zonaprop.com.ar/propiedades/clasificado/alclapin-departamento-2-1-2-ambientes-a-estrenar-59927953.html,Zonaprop,Villa Parque San Lorenzo
60066783,Casa,2990000,455,6571,5,5,Villa Lynch,Necochea al 1700,EXACT,-34.5874334,-58.5449944,https://www.zonaprop.com.ar/propiedades/clasificado/alclcain-casa-en-alquiler-villa-lynch-60066783.html,Zonaprop,San Martín Centro
59633431,Casa,1200000,170,7059,4,3,San Martín Centro,Cornelio Saavedra 2086,EXACT,-34.5732981,-58.5338273,https://www.zonaprop.com.ar/propiedades/clasificado/alclcain-casa-4-ambientes-san-martin-centro-uso-comercial-59633431.html,Zonaprop,San Martín Centro
52230449,Casa,900000,132,6818,3,2,Villa Ballester,Alberdi 119,EXACT,-34.57099152,-58.56758881,https://www.zonaprop.com.ar/propiedades/clasificado/alclcain-casa-centrica-solo-uso-comercial-52230449.html,Zonaprop,Villa Pueyrredón
60291210,Casa,650000,288,2257,3,2,Loma Hermosa,Buenos Aires al 7400,EXACT,-34.54398,-58.58927,https://www.zonaprop.com.ar/propiedades/clasificado/alclcain-casa-en-alquiler-3-ambientes-ciudad-jardin-el-60291210.html,Zonaprop,Ciudad Jardín El Libertador
59754672,Casa,850000,290,2931,3,2,Villa Libertad,Primera Junta al 2600,EXACT,-34.5866269,-58.5615151,https://www.zonaprop.com.ar/propiedades/clasificado/alclcain-alquiler-casa-3-ambientes-en-villa-libertad-59754672.html,Zonaprop,Villa Libertad
60338237,Casa,1800000,250,7200,4,3,Villa Ballester,Bolivar 5985,EXACT,-34.547,-58.571,https://www.zonaprop.com.ar/propiedades/clasificado/alclcain-alquiler-casa-con-cochera-patio-quincho-y-terraza-60338237.html,Zonaprop,Villa Sucre
60252905,Casa,900000,170,5294,3,2,General San Martín,Salta,EXACT,-34.57026423529671,-58.56655009469282,https://www.zonaprop.com.ar/propiedades/clasificado/alclcain-excelente-casa-con-garage-60252905.html,Zonaprop,Villa Pueyrredón
59910940,Casa,1200000,243,4938,4,2,Villa Ballester,Sarandí 4488,EXACT,-34.5540382,-58.5749357,https://www.zonaprop.com.ar/propiedades/clasificado/alclcain-casa-en-alquiler-en-villa-ballester-59910940.html,Zonaprop,Villa Zapiola
60007370,Casa,680000,121,5620,2,1,San Andrés,DR PELAGIO LUNA 2175,EXACT,-34.55346596385369,-58.5396528447802,https://www.zonaprop.com.ar/propiedades/clasificado/alclcain-casa-2-amb-en-alquiler-en-san-andres-60007370.html,Zonaprop,Villa Marqués de Aguado
59432902,Casa,1700000,164,10366,3,2,Villa Ballester,General Paz 2688,EXACT,-34.5475023,-58.5564293,https://www.zonaprop.com.ar/propiedades/clasificado/alclcain-casa-de-3-ambientes-en-increible-zona-59432902.html,Zonaprop,Villa Ballester
59336331,Casa,3000000,298,10067,5,4,San Martín Centro,Moreno 3621,EXACT,-34.57748413,-58.53540039,https://www.zonaprop.com.ar/propiedades/clasificado/alclcain-san-martin-alquiler-casa-5-amb-con-garage-y-59336331.html,Zonaprop,San Martín Centro
59294898,Casa,900000,170,5294,6,5,José León Suárez,Rawson al 2500,EXACT,-34.5352547,-58.5700038,https://www.zonaprop.com.ar/propiedades/clasificado/alclcain-casa-en-alquiler-uso-profesional-6-ambientes-jose-59294898.html,Zonaprop,Villa Ballester
59832492,Casa,800000,88,9091,4,3,José León Suárez,Jose Ingenieros al 4500,EXACT,-34.5435756,-58.5902005,https://www.zonaprop.com.ar/propiedades/clasificado/alclcain-casa-en-jose-leon-suarez-59832492.html,Zonaprop,Ciudad Jardín El Libertador
60292232,Casa,1200000,106,11321,3,2,General San Martín,Villegas al 2000,EXACT,-34.5757521,-58.53709649999999,https://www.zonaprop.com.ar/propiedades/clasificado/alclcain-casa-3-amb-con-quincho-y-parrilla-60292232.html,Zonaprop,San Martín Centro
60305149,Casa,1700000,147,11565,4,3,Villa Ballester,Misiones al 4500 Entre Castelli y La Paz,EXACT,-34.5572456,-58.5584022,https://www.zonaprop.com.ar/propiedades/clasificado/alclcain-duplex-3-dorm.-alquiler-villa-ballester-60305149.html,Zonaprop,Villa Las Heras
54879275,Casa,700000,75,9333,3,2,Villa Libertad,Ricardo Guiraldes 5808,EXACT,-34.5832364,-58.5641244,https://www.zonaprop.com.ar/propiedades/clasificado/alclcain-ph-tipo-casa-en-alquiler-en-villa-libertad-54879275.html,Zonaprop,Villa Libertad
60251706,Casa,800000,130,6154,4,2,José León Suárez,FRAY LUIS BELTRAN 1832. Entre C 39 Italia y C 39 Charlone,EXACT,-34.5251115,-58.5786364,https://www.zonaprop.com.ar/propiedades/clasificado/alclcain-casa-4-ambientes-2-dorm.-fray-luis-beltran-1832-60251706.html,Zonaprop,Ciudad Jardín El Libertador
59861298,Casa,1150000,157,7325,4,3,José León Suárez,,,-34.527012691935724,-58.573611974497915,https://www.zonaprop.com.ar/propiedades/clasificado/alclcain-casa-3-dorm.-d-182-andrade-2234-46-59861298.html,Zonaprop,Ciudad Jardín El Libertador
59867823,Casa,750000,90,8333,3,2,José León Suárez,Echague  al 7999 Esquina.,EXACT,-34.5270658,-58.579195,https://www.zonaprop.com.ar/propiedades/clasificado/alclcain-casa-en-jose-leon-suarez-59867823.html,Zonaprop,Ciudad Jardín El Libertador
60367394,Casa,1400000,190,7368,3,2,Villa Ballester,SAN LUIS 4351. Entre Witcomb y Las heras,EXACT,-34.5505725,-58.54911399999999,https://www.zonaprop.com.ar/propiedades/clasificado/alclcain-alquiler-casa-3-ambientes-villa-ballester-60367394.html,Zonaprop,Villa Ballester
59772148,Casa,1400000,100,14000,3,2,San Andrés,Diego Pombo 3300,EXACT,-34.56645584,-58.54478073,https://www.zonaprop.com.ar/propiedades/clasificado/alclcain-duplex-con-cochera-59772148.html,Zonaprop,San Andrés
59302323,Casa,1500000,160,9375,4,3,Villa Ballester,C 61 LACROZE 4978. Entre C 114 Alvear y C 118 Lavalle,EXACT,-34.548113,-58.5543097,https://www.zonaprop.com.ar/propiedades/clasificado/alclcain-alquiler-villa-ballester-centro-59302323.html,Zonaprop,Villa Ballester
59639438,Casa,1600000,122,13115,5,4,Villa Ballester,Balcarce 2922,EXACT,-34.5503387,-58.5576658,https://www.zonaprop.com.ar/propiedades/clasificado/alclcain-alquiler-amplia-casa-balcarce-2922-villa-ballester-59639438.html,Zonaprop,Villa Guido
60346745,Casa,990000,100,9900,2,2,Villa Ballester,Moreno 1480,EXACT,-34.535976,-58.560605,https://www.zonaprop.com.ar/propiedades/clasificado/alclcain-ph-3-ambientes-en-alquiler-excelente-ubicacion-60346745.html,Zonaprop,Villa Ballester
60232719,Casa,1490000,114,13070,3,2,Villa Ballester,Capdevila 5157,EXACT,-34.5393434,-58.5484897,https://www.zonaprop.com.ar/propiedades/clasificado/alclcain-duplex-de-3-ambientes-con-jardin-y-cochera-60232719.html,Zonaprop,Villa Gregoria Matorras
59190339,Casa,3700000,596,6208,11,7,San Andrés,Morello al 3300,EXACT,-34.5635088297,-58.5486994693,https://www.zonaprop.com.ar/propiedades/clasificado/alclcain-local-comercial-profesional-san-andres-59190339.html,Zonaprop,San Andrés
60100548,Casa,900000,70,12857,1,1,Villa Ballester,Profesor G. Simón 1600,EXACT,-34.5349036,-58.5543091,https://www.zonaprop.com.ar/propiedades/clasificado/alclcain-alquiler-de-casa-de-2-ambientes-con-patio-60100548.html,Zonaprop,Villa Gregoria Matorras
58981221,Casa,800000,70,11429,2,1,José León Suárez,Novaro al 1600,EXACT,-34.5230452,-58.5691248,https://www.zonaprop.com.ar/propiedades/clasificado/alclcain-ph-al-frente-en-alquiler-en-jose-leon-suarez-58981221.html,Zonaprop,Villa Gregoria Matorras
60174648,Casa,1500000,300,5000,4,3,San Andrés,Intendente Casares 3351,EXACT,-34.5628084,-58.54900369999999,https://www.zonaprop.com.ar/propiedades/clasificado/alclcain-casa-de-4-ambientes.-cochera-pasante.-3-dorm.-bano.-60174648.html,Zonaprop,San Andrés
60365015,Casa,1400000,350,4000,5,4,José León Suárez,San José al 2000,EXACT,-34.52686420000001,-58.5712083,https://www.zonaprop.com.ar/propiedades/clasificado/alclcain-casa-en-jose-leon-suarez-60365015.html,Zonaprop,Villa Ballester
59806953,Casa,1280000,120,10667,3,2,Villa Ballester,San Pedro 5774,EXACT,-34.5547819,-58.5705921,https://www.zonaprop.com.ar/propiedades/clasificado/alclcapa-amplio-y-luminoso-duplex-en-alquiler-v.-ballester-59806953.html,Zonaprop,Villa Guido
59878741,Casa,800000,80,10000,3,2,Loma Hermosa,Rivadavia 5285,EXACT,-34.5553818,-58.589284,https://www.zonaprop.com.ar/propiedades/clasificado/alclcapa-casa-3-ambientes-en-loma-hermosa-59878741.html,Zonaprop,Ciudad Jardín El Libertador
60202587,PH,600000,42,14286,2,1,General San Martín,French al 1800,EXACT,-34.5605065,-58.56581000000001,https://www.zonaprop.com.ar/propiedades/clasificado/alclphin-ph-1-1-2amb.-con-patio-60202587.html,Zonaprop,Villa Guido
59945004,PH,950000,177,5367,3,2,José León Suárez,Boulogne SUR MER al 7600,EXACT,-34.5297219,-58.5781808,https://www.zonaprop.com.ar/propiedades/clasificado/alclphin-casa-jose-leon-suarez-59945004.html,Zonaprop,Ciudad Jardín El Libertador
60373319,PH,500000,54,9259,2,1,General San Martín,Saenz Peña al 2500,EXACT,-34.5652389,-58.531849,https://www.zonaprop.com.ar/propiedades/clasificado/alclphin-ph-3-ambientes-alquiler-v.-maipu-60373319.html,Zonaprop,Villa Parque San Lorenzo
59832159,PH,950000,140,6786,3,2,José León Suárez,San Vicente  al 1900,EXACT,-34.5301359,-58.5656124,https://www.zonaprop.com.ar/propiedades/clasificado/alclphin-ph-planta-baja-3-ambientes-con-cochera-en-alquiler-en-59832159.html,Zonaprop,Villa Ballester
59266601,PH,850000,65,13077,3,2,San Martín Centro,Bartolomé Mitre 4350,EXACT,-34.5807602,-58.54287979999999,https://www.zonaprop.com.ar/propiedades/clasificado/alclphin-ph.-3-ambientes-con-cochera-59266601.html,Zonaprop,San Martín Centro
59241371,PH,690000,50,13800,2,1,San Andrés,Morello 3100,EXACT,-34.5659096,-58.5462107,https://www.zonaprop.com.ar/propiedades/clasificado/alclphin-ph-2-ambientes-en-san-andres-barrio-residencial-59241371.html,Zonaprop,San Andrés
59770607,PH,350000,30,11667,2,1,José León Suárez,Obarrio al 2400,EXACT,-34.5262912,-58.5783037,https://www.zonaprop.com.ar/propiedades/clasificado/alclphin-ph-jose-leon-suarez-59770607.html,Zonaprop,Ciudad Jardín El Libertador
59383437,PH,550000,55,10000,2,1,Villa Ballester,Emilio Zola al 5600,EXACT,-34.5350927,-58.5508343,https://www.zonaprop.com.ar/propiedades/clasificado/alclphin-ph-pasillo-al-medio-alquila-2-ambientes-59383437.html,Zonaprop,Villa Gregoria Matorras
60206601,PH,450000,55,8182,2,1,Loma Hermosa,Libertador Gral. San Martin al 6100,EXACT,-34.555580517691794,-58.58463621148681,https://www.zonaprop.com.ar/propiedades/clasificado/alclphin-ph-en-loma-hermosa-60206601.html,Zonaprop,Villa Zapiola
55102676,PH,385000,30,12833,1,1,Billinghurst,25 de Mayo 3636,EXACT,-34.5816333,-58.5726764,https://www.zonaprop.com.ar/propiedades/clasificado/alclphin-alquiler-de-monoambiente-a-estrenar-en-billinghurst!-55102676.html,Zonaprop,Billinghurst
59786371,PH,550000,40,13750,2,,San Andrés,Cordoba  al 3600,EXACT,-34.5570377,-58.5445809,https://www.zonaprop.com.ar/propiedades/clasificado/alclphin-ph-en-san-andres-59786371.html,Zonaprop,Villa Ballester
59963823,PH,650000,45,14444,2,1,San Martín Centro,Mitre 4018,EXACT,-34.5785544,-58.540351300000005,https://www.zonaprop.com.ar/propiedades/clasificado/alclphin-en-alquiler-2-ambientes-centro-en-san-martin-59963823.html,Zonaprop,San Martín Centro
60193702,PH,700000,48,14583,3,2,Villa Ballester,Boulevard Ballester  al 6400,EXACT,-34.5363283,-58.5672092,https://www.zonaprop.com.ar/propiedades/clasificado/alclphin-ph-en-chilavert-60193702.html,Zonaprop,Villa Ballester
59477325,PH,650000,45,14444,2,1,Villa Maipu,Roma 2012. Entre Guiraldes y Villegas,EXACT,-34.57165559223114,-58.51929903030396,https://www.zonaprop.com.ar/propiedades/clasificado/alclphin-departamento-2-ambientes.-roma-2012-59477325.html,Zonaprop,Villa Maipu
60364250,PH,950000,80,11875,3,2,José León Suárez,Italia 6549,EXACT,-34.5314475,-58.56285719999999,https://www.zonaprop.com.ar/propiedades/clasificado/alclphin-casa-ph-3-ambientes-con-patio-y-jardin-al-frente-60364250.html,Zonaprop,Villa Ballester
59848538,PH,490000,38,12895,2,1,Villa Ballester,Republica al 6200,EXACT,-34.5358945,-58.5640666,https://www.zonaprop.com.ar/propiedades/clasificado/alclphin-ph-en-alquiler-en-villa-ballester-59848538.html,Zonaprop,Villa Ballester
59282029,PH,1000000,100,10000,3,2,Villa Maipu,Conscripto Bernardi 1600,EXACT,-34.5742569,-58.52624512,https://www.zonaprop.com.ar/propiedades/clasificado/alclphin-alquiler-casa-en-ph-al-frente-4-ambientes-villa-maipu-59282029.html,Zonaprop,Villa Maipu
60191525,PH,400000,45,8889,2,1,Billinghurst,San Lorenzo 5700,EXACT,-34.5745508,-58.572912,https://www.zonaprop.com.ar/propiedades/clasificado/alclphin-alquiler-ph-2-ambientes-billinghurst-san-martin-60191525.html,Zonaprop,Billinghurst
59666933,PH,690000,70,9857,2,1,Villa Ballester,Chivilcoy 6332,EXACT,-34.53174591,-58.55982208,https://www.zonaprop.com.ar/propiedades/clasificado/alclphin-excelente-ph-2-ambientes-en-planta-alta-59666933.html,Zonaprop,Villa Gregoria Matorras
56356932,PH,550000,55,10000,3,2,Villa Bonich,Sargento Cabral 4733,EXACT,-34.56759262,-58.57325363,https://www.zonaprop.com.ar/propiedades/clasificado/alclphin-ph-3-amb.-2-dorm.-com.-y-cocina-integ.-patio-comp.-56356932.html,Zonaprop,Villa Zapiola
60371780,PH,600000,53,11321,2,1,Villa Ballester,Lynch Pueyrredon 4400,EXACT,-34.564181431798,-58.564510345459,https://www.zonaprop.com.ar/propiedades/clasificado/alclphin-alquiler-ph-2-amb-v.-ballester-gran-terraza-permuta-60371780.html,Zonaprop,Villa Pueyrredón
59763319,PH,980000,122,8033,3,2,Villa Ballester,C 27 VILLARROEL 5626. Entre C 134 Falucho y C 136 Ituzaingo,EXACT,-34.5508993,-58.5615154,https://www.zonaprop.com.ar/propiedades/clasificado/alclphin-alquiler-casa-tipo-ph-3-amb-villa-ballester-59763319.html,Zonaprop,Villa Guido
60105387,PH,700000,75,9333,3,2,José León Suárez,Av. Central al 4600,EXACT,-34.5449311,-58.5895734,https://www.zonaprop.com.ar/propiedades/clasificado/alclphin-ph-en-alquiler-en-jose-leon-suarez-60105387.html,Zonaprop,Ciudad Jardín El Libertador
59622225,PH,800000,60,13333,3,2,Villa Lynch,Canale 1400,EXACT,-34.59196,-58.545961,https://www.zonaprop.com.ar/propiedades/clasificado/alclphin-ph-de-3-ambientes-con-patio-totalmente-reciclado-sin-59622225.html,Zonaprop,Villa Monteagudo
59615468,PH,750000,85,8824,3,2,San Andrés,Santa Rosalia 1695,EXACT,-34.552687152941246,-58.53265805152895,https://www.zonaprop.com.ar/propiedades/clasificado/alclphin-alquiler:-ph-3-ambientes.-planta-baja-al-frente-en-san-59615468.html,Zonaprop,Villa Marqués de Aguado
58583858,PH,1500000,125,12000,3,2,San Martín Centro,Caseros 2500,EXACT,-34.57451248,-58.54514313,https://www.zonaprop.com.ar/propiedades/clasificado/alclphin-casa-4-ambientes-con-patio-y-garaje-san-martin-centro-58583858.html,Zonaprop,San Martín Centro
59848852,PH,750000,56,13393,3,2,Villa Ballester,Tandil  al 4500,EXACT,-34.5430666,-58.5430488,https://www.zonaprop.com.ar/propiedades/clasificado/alclphin-ph-en-villa-ballester-59848852.html,Zonaprop,Villa Gregoria Matorras
60292698,PH,600000,80,7500,2,1,San Andrés,"Alberdi al 3200, San Andres, San Martin",EXACT,-34.55915975085879,-58.53990951735228,https://www.zonaprop.com.ar/propiedades/clasificado/alclphin-departamento-en-san-fernando-60292698.html,Zonaprop,Villa Marqués de Aguado
60286466,PH,950000,70,13571,4,3,José León Suárez,Garibaldi  2606,EXACT,-34.5338375,-58.57215100000001,https://www.zonaprop.com.ar/propiedades/clasificado/alclphin-alquiler-4-ambientes-con-balcon-en-garibaldi-2606-60286466.html,Zonaprop,Villa Ballester
59510688,PH,550000,65,8462,2,1,Villa Ballester,Villarroel 5400,EXACT,-34.53598404,-58.54855347,https://www.zonaprop.com.ar/propiedades/clasificado/alclphin-ph-al-fondo-2-ambientes-59510688.html,Zonaprop,Villa Gregoria Matorras
59357872,PH,650000,45,14444,3,1,Villa Ballester,Sargento Cabral  al 1300,EXACT,-34.5324106,-58.5540711,https://www.zonaprop.com.ar/propiedades/clasificado/alclphin-ph-2-1-2-ambientes-con-terraza-59357872.html,Zonaprop,Villa Gregoria Matorras
59527798,PH,1000000,95,10526,3,2,General San Martín,Rivadavia al 4300,EXACT,-34.5781953,-58.5464591,https://www.zonaprop.com.ar/propiedades/clasificado/alclphin-ph-3-amb.-con-patio-y-balcon-a-estrenar-59527798.html,Zonaprop,San Martín Centro
60174720,PH,500000,40,12500,1,1,General San Martín,Av. 101 Dr. Ricardo Balbín al 5600,EXACT,-34.56234680000001,-58.5821772,https://www.zonaprop.com.ar/propiedades/clasificado/alclphin-ph-en-alquiler-general-san-martin-60174720.html,Zonaprop,Villa Zapiola
58794769,PH,280000,30,9333,1,,General San Martín,9 de Julio al 4100,EXACT,-34.5651011,-58.5733037,https://www.zonaprop.com.ar/propiedades/clasificado/alclphin-ph-en-villa-coronel-jose-m.-zapiola-58794769.html,Zonaprop,Villa Zapiola
60170897,PH,450000,33,13636,2,1,San Martín Centro,Vidal 3600,EXACT,-34.57238388,-58.54146576,https://www.zonaprop.com.ar/propiedades/clasificado/alclphin-san-martin-centro.-ph-de-2-ambientes-en-planta-baja-60170897.html,Zonaprop,San Martín Centro
60169473,PH,750000,66,11364,3,2,Villa Ballester,San Jose de Flores  5971,EXACT,-34.5495451,-58.5743858,https://www.zonaprop.com.ar/propiedades/clasificado/alclphin-ph-en-alquiler-3-amb-con-patio-en-planta-baja.-60169473.html,Zonaprop,Villa Sucre
55799238,PH,450000,30,15000,1,1,Villa Lynch,HIPOLITO IRIGOYEN,EXACT,-34.58839735036955,-58.53954360620999,https://www.zonaprop.com.ar/propiedades/clasificado/alclphin-gran-monoambiente.-55799238.html,Zonaprop,Villa Monteagudo
59689171,PH,720000,90,8000,3,2,José León Suárez,San Roque al 2800,EXACT,-34.5378391,-58.5717292,https://www.zonaprop.com.ar/propiedades/clasificado/alclphin-alquiler-de-ph-p.-b.-3-ambientes-en-jose-leon-suarez-59689171.html,Zonaprop,Villa Ballester
59409887,PH,470000,45,10444,2,1,Billinghurst,López y Planes 5133,EXACT,-34.5722701,-58.564404599999996,https://www.zonaprop.com.ar/propiedades/clasificado/alclphin-ph-en-1er-piso-al-frente.-cocina-comedor-dormitorio-59409887.html,Zonaprop,Villa Pueyrredón
58205430,PH,460000,70,6571,2,1,Villa Libertad,Posadas 3230,EXACT,-34.5863748,-58.5601551,https://www.zonaprop.com.ar/propiedades/clasificado/alclphin-amplio-ph-2-amb.-1-piso-x-escalera-con-patio-y-58205430.html,Zonaprop,Villa Libertad
60164563,PH,650000,65,10000,3,2,Villa Ballester,Pueyrredón 1964,EXACT,-34.5454647,-58.54638419999999,https://www.zonaprop.com.ar/propiedades/clasificado/alclphin-ph-de-3-ambientes-con-patio.-dormitorio.-balcon.-60164563.html,Zonaprop,Villa Ballester
60294809,PH,800000,65,12308,3,2,General San Martín,Rivadavia  al 2400,EXACT,-34.5653243,-58.5307286,https://www.zonaprop.com.ar/propiedades/clasificado/alclphin-ph-en-general-san-martin-60294809.html,Zonaprop,Villa Maipu
59225869,PH,900000,120,7500,3,2,Villa Lynch,Avellaneda al 2400,EXACT,-34.5788287,-58.5477861,https://www.zonaprop.com.ar/propiedades/clasificado/alclphin-ph-de-3-ambientes-en-alquiler-59225869.html,Zonaprop,San Martín Centro
59076212,PH,450000,35,12857,2,1,Billinghurst,Alvear 6069,EXACT,-34.5780348,-58.5760209,https://www.zonaprop.com.ar/propiedades/clasificado/alclphin-ph-2-ambientes-en-alquiler-59076212.html,Zonaprop,Billinghurst
59132136,PH,400000,36,11111,2,1,Villa Libertad,Primera Junta 2442. Entre Chivilcoy y Anastacio Gonzalez,EXACT,-34.58850974305512,-58.55951070785523,https://www.zonaprop.com.ar/propiedades/clasificado/alclphin-departamento-2-ambientes.-primera-junta-2442-59132136.html,Zonaprop,Villa Libertad
60112014,PH,450000,55,8182,1,,José León Suárez,Italia  al 6861 Fondo  Jose Leon Suarez,EXACT,-34.529389,-58.5734048,https://www.zonaprop.com.ar/propiedades/clasificado/alclphin-ph-al-fondo-jose-leon-suarez-alquiler-60112014.html,Zonaprop,Villa Ballester
60046578,PH,550000,60,9167,2,1,Villa Ballester,Villarroel  al 5400,EXACT,-34.5359846,-58.5485527,https://www.zonaprop.com.ar/propiedades/clasificado/alclphin-ph-2-amb-alquiler-en-villa-ballester-sin-expensas-60046578.html,Zonaprop,Villa Gregoria Matorras
58833499,PH,450000,35,12857,2,1,Villa Ballester,Zarate  al 5400,EXACT,-34.5547774,-58.5720682,https://www.zonaprop.com.ar/propiedades/clasificado/alclphin-ph-en-alquiler-2-ambientes-villa-ballester-58833499.html,Zonaprop,Villa Guido
60070404,PH,840000,75,11200,3,2,Villa Ballester,Fraternidad 1800,EXACT,-34.53111649,-58.56185913,https://www.zonaprop.com.ar/propiedades/clasificado/alclphin-ph-3-ambientes-a-estrenar-60070404.html,Zonaprop,Villa Gregoria Matorras
60203782,PH,400000,45,8889,2,1,Billinghurst,San Lorenzo 5700,EXACT,-34.5745508,-58.572912,https://www.zonaprop.com.ar/propiedades/clasificado/alclphin-alquiler-ph-2-ambientes-billinghurst-san-martin-60203782.html,Zonaprop,Billinghurst
60363013,PH,600000,41,14634,3,2,Villa Ballester,Industria 900,EXACT,-34.562975,-58.559395,https://www.zonaprop.com.ar/propiedades/clasificado/alclphin-alquiler-ph-3-amb.-v.-ballester-seguro-caucion-60363013.html,Zonaprop,Villa Las Heras
60205962,PH,950000,75,12667,3,2,General San Martín,Belgrano 6604,EXACT,-34.5416811,-58.5744116,https://www.zonaprop.com.ar/propiedades/clasificado/alclphin-alquiler-3-amb-con-patio-belgrano-6604-chilavert-60205962.html,Zonaprop,Villa Godoy Cruz
60257017,PH,580000,40,14500,2,1,Villa Libertad,Almeyra  al 2700,EXACT,-34.5848634,-58.56172410000001,https://www.zonaprop.com.ar/propiedades/clasificado/alclphin-ph-en-villa-libertad-60257017.html,Zonaprop,Villa Libertad
AP20020584,Departamento,580000,51,11373,2,1,Centro,"Guemes 2100, Piso 7°",APPROX,-34.591274,-58.556769,https://www.argenprop.com/departamento-en-alquiler-en-centro-2-ambientes--20020584,Argenprop,Villa Ayacucho
AP20288106,Departamento,350000,25,14000,1,,General San Martin,INTENDENTE CAMPOS 1900,APPROX,-34.5782453,-58.535785,https://www.argenprop.com/departamento-en-alquiler-en-general-san-martin-1-ambiente--20288106,Argenprop,San Martín Centro
AP20220141,Departamento,560000,45,12444,2,1,San Andres,"Congreso 3200, Piso 1",APPROX,-34.563318,-58.544946,https://www.argenprop.com/departamento-en-alquiler-en-san-andres-2-ambientes--20220141,Argenprop,San Andrés
AP20262763,Departamento,900000,77,11688,3,2,Centro,"Juarez 4000, Piso 7",APPROX,-34.5817381,-58.5358473,https://www.argenprop.com/departamento-en-alquiler-en-centro-3-ambientes--20262763,Argenprop,San Martín Centro
AP7802600,Departamento,490000,40,12250,1,1,Villa Ballester,REPUBLICA 4600,APPROX,-34.5424932,-58.5557122,https://www.argenprop.com/departamento-en-alquiler-en-villa-ballester-1-ambiente--7802600,Argenprop,Villa Ballester
AP15961813,Departamento,1100000,90,12222,3,2,Villa Ballester,"Pacifico Rodriguez 4900, Piso 3°",APPROX,-34.5491738,-58.5547677,https://www.argenprop.com/departamento-en-alquiler-en-villa-ballester-3-ambientes--15961813,Argenprop,Villa Ballester
AP19813486,Departamento,550000,40,13750,2,,Villa Ballester,Alvear 2475,APPROX,-34.547755,-58.5521876,https://www.argenprop.com/departamento-en-alquiler-en-villa-ballester-1-ambiente--19813486,Argenprop,Villa Ballester
AP20262296,Departamento,850000,65,13077,2,1,Centro,"Ayacucho 2200, Piso 5",APPROX,-34.5730379,-58.5358086,https://www.argenprop.com/departamento-en-alquiler-en-centro-2-ambientes--20262296,Argenprop,San Martín Centro
AP19648774,Departamento,500000,40,12500,2,1,Jose Leon Suarez,Sarmiento al 7536,APPROX,-34.5244394,-58.5730599,https://www.argenprop.com/departamento-en-alquiler-en-jose-leon-suarez-2-ambientes--19648774,Argenprop,Ciudad Jardín El Libertador
AP20256465,Departamento,700000,50,14000,2,1,San Andres,Congreso al 2900,APPROX,-34.561482,-58.5471084,https://www.argenprop.com/departamento-en-alquiler-en-san-andres-2-ambientes--20256465,Argenprop,San Andrés
AP20262030,Departamento,650000,54,12037,3,2,Centro,Félix Ballester 2500,APPROX,-34.575781,-58.54518,https://www.argenprop.com/departamento-en-alquiler-en-centro-3-ambientes--20262030,Argenprop,San Martín Centro
AP20223206,Departamento,600000,44,13636,2,1,Chilavert,Campichuelo al 2900,APPROX,-34.5557039,-58.58298,https://www.argenprop.com/departamento-en-alquiler-en-chilavert-2-ambientes--20223206,Argenprop,Villa Zapiola
AP20261758,Departamento,750000,51,14706,2,1,Centro,"Presidente Perón 3500, Piso 8",APPROX,-34.570761,-58.541402,https://www.argenprop.com/departamento-en-alquiler-en-centro-2-ambientes--20261758,Argenprop,San Andrés
AP20100420,Departamento,600000,47,12766,2,1,Villa Ballester,Almirante Brown al 3100,APPROX,-34.5549408,-58.5536545,https://www.argenprop.com/departamento-en-alquiler-en-villa-ballester-2-ambientes--20100420,Argenprop,Villa Las Heras
AP20260980,Departamento,550000,42,13095,2,1,Centro,"Pellegrini 1900, Piso 3",APPROX,-34.579594,-58.537324,https://www.argenprop.com/departamento-en-alquiler-en-centro-2-ambientes--20260980,Argenprop,San Martín Centro
AP19478113,Departamento,950000,64,14844,3,2,Centro,Salguero 2100,APPROX,-34.572724,-58.5407717,https://www.argenprop.com/departamento-en-alquiler-en-centro-3-ambientes--19478113,Argenprop,San Martín Centro
AP20260649,Departamento,590000,46,12826,3,2,Villa Lynch,"ROGELIO VIDAL 4900, Piso 3",APPROX,-34.5760052,-58.5458515,https://www.argenprop.com/departamento-en-alquiler-en-villa-lynch-3-ambientes--20260649,Argenprop,San Martín Centro
AP20260519,Departamento,450000,33,13636,1,,General San Martin,"AV RICARDO BALBIN 2500, Piso 2",APPROX,-34.577091,-58.546735,https://www.argenprop.com/departamento-en-alquiler-en-general-san-martin-1-ambiente--20260519,Argenprop,San Martín Centro
AP19897794,Departamento,550000,45,12222,2,1,Centro,Felix Ballester 2200,APPROX,-34.578351,-58.541995,https://www.argenprop.com/departamento-en-alquiler-en-centro-2-ambientes--19897794,Argenprop,San Martín Centro
AP15743437,Departamento,600000,55,10909,3,2,General San Martin,"Salguero 2100, Piso 13°",APPROX,-34.572724,-58.5407717,https://www.argenprop.com/departamento-en-alquiler-en-general-san-martin-3-ambientes--15743437,Argenprop,San Martín Centro
AP20257898,Departamento,650000,68,9559,2,1,Chilavert,Lamadrid 2100,APPROX,-34.542123,-58.552624,https://www.argenprop.com/departamento-en-alquiler-en-chilavert-2-ambientes--20257898,Argenprop,Villa Ballester
AP19783186,Departamento,700000,60,11667,3,2,San Andres,ITALIA 300,APPROX,-34.5330667,-58.5609423,https://www.argenprop.com/departamento-en-alquiler-en-san-andres-3-ambientes--19783186,Argenprop,Villa Ballester
AP20086182,Departamento,450000,35,12857,2,1,Villa Bernardo Monteagudo,"BELGRANO 4978 , Piso 2",APPROX,-34.5529142,-58.5601946,https://www.argenprop.com/departamento-en-alquiler-en-villa-bernardo-monteagudo-2-ambientes--20086182,Argenprop,Villa Guido
AP20247979,Departamento,480000,46,10435,2,1,Villa Bonich,Jose Hernandez 4800,APPROX,-34.573422,-58.559134,https://www.argenprop.com/departamento-en-alquiler-en-villa-bonich-2-ambientes--20247979,Argenprop,Villa Pueyrredón
AP20247982,Departamento,450000,46,9783,2,1,Villa Bonich,Jose Hernandez 4800,APPROX,-34.573422,-58.559134,https://www.argenprop.com/departamento-en-alquiler-en-villa-bonich-2-ambientes--20247982,Argenprop,Villa Pueyrredón
AP20092600,Departamento,750000,50,15000,2,1,Jose Leon Suarez,"C 75 ARTIGAS 6900, Piso 5",APPROX,-34.5428131,-58.5704839,https://www.argenprop.com/departamento-en-alquiler-en-jose-leon-suarez-2-ambientes--20092600,Argenprop,Villa Godoy Cruz
AP20124566,Departamento,550000,38,14474,1,,San Andres,"Intendente Ballester 3000, Piso 3°",APPROX,-34.562268,-58.54378,https://www.argenprop.com/departamento-en-alquiler-en-san-andres-1-ambiente--20124566,Argenprop,San Andrés
AP19948456,Departamento,560000,39,14359,2,1,Villa Maipu,"Almafuerte 2100, Piso 3°",APPROX,-34.569599,-58.529512,https://www.argenprop.com/departamento-en-alquiler-en-villa-maipu-2-ambientes--19948456,Argenprop,Villa Maipu
AP20099195,Departamento,830000,60,13833,3,2,General San Martin,"Dr. RamÓn Carrillo 2200, Piso 8°",APPROX,-34.5756372,-58.538923,https://www.argenprop.com/departamento-en-alquiler-en-general-san-martin-3-ambientes--20099195,Argenprop,San Martín Centro
AP7779731,Departamento,1100000,78,14103,3,2,General San Martin,"Mitre 3800, Piso 6°",APPROX,-34.544383,-58.57713,https://www.argenprop.com/departamento-en-alquiler-en-general-san-martin-3-ambientes--7779731,Argenprop,Villa Godoy Cruz
AP20253177,Departamento,680000,46,14783,2,1,Villa Ballester,Lavalle al 2300,APPROX,-34.549571,-58.55653,https://www.argenprop.com/departamento-en-alquiler-en-villa-ballester-2-ambientes--20253177,Argenprop,Villa Ballester
AP20059697,Departamento,550000,40,13750,2,1,San Andres,Felix Ballester 2800,APPROX,-34.573196,-58.548394,https://www.argenprop.com/departamento-en-alquiler-en-san-andres-2-ambientes--20059697,Argenprop,Villa Yapeyú
AP20170875,Departamento,570000,38,15000,2,1,Villa Ballester,General Paz 2800 2°,APPROX,-34.5483198,-58.5575612,https://www.argenprop.com/departamento-en-alquiler-en-villa-ballester-2-ambientes--20170875,Argenprop,Villa Ballester
AP20030750,Departamento,850000,64,13281,3,2,San Andres,Tucuman al 3200,APPROX,-34.5576442,-58.5876996,https://www.argenprop.com/departamento-en-alquiler-en-san-andres-3-ambientes--20030750,Argenprop,Ciudad Jardín El Libertador
AP20251044,Departamento,600000,40,15000,2,1,Villa Ballester,Artigas 6600,APPROX,-34.541034,-58.574106,https://www.argenprop.com/departamento-en-alquiler-en-villa-ballester-2-ambientes--20251044,Argenprop,Villa Godoy Cruz
AP20170475,Departamento,650000,45,14444,2,1,San Andres,Islas Malvinas al 3100,APPROX,-34.5628224,-58.5415461,https://www.argenprop.com/departamento-en-alquiler-en-san-andres-2-ambientes--20170475,Argenprop,San Andrés
AP20237939,Departamento,870000,60,14500,3,2,Villa Ballester,Lavalle al 2400,APPROX,-34.549571,-58.55653,https://www.argenprop.com/departamento-en-alquiler-en-villa-ballester-3-ambientes--20237939,Argenprop,Villa Ballester
AP19946858,Departamento,900000,80,11250,3,2,Villa Bernardo Monteagudo,Vuelta De Obligado 4900,APPROX,-34.5916729,-58.5376505,https://www.argenprop.com/departamento-en-alquiler-en-villa-bernardo-monteagudo-3-ambientes--19946858,Argenprop,Villa Monteagudo
AP20244553,Departamento,430000,33,13030,1,,Villa Ballester,Artigas 6100,APPROX,-34.543727,-58.5695,https://www.argenprop.com/departamento-en-alquiler-en-villa-ballester-1-ambiente--20244553,Argenprop,Villa Sucre
AP20244552,Departamento,430000,33,13030,1,,Villa Ballester,Artigas 6100,APPROX,-34.543727,-58.5695,https://www.argenprop.com/departamento-en-alquiler-en-villa-ballester-1-ambiente--20244552,Argenprop,Villa Sucre
AP20139188,Departamento,650000,53,12264,2,1,Villa Ballester,"Marengo 4400, Piso 2°",APPROX,-34.552612,-58.55233,https://www.argenprop.com/departamento-en-alquiler-en-villa-ballester-2-ambientes--20139188,Argenprop,Villa Ballester
AP20238573,Departamento,700000,55,12727,2,1,Villa Ballester,"Alvear 2300, Piso 7",APPROX,-34.546627,-58.550358,https://www.argenprop.com/departamento-en-alquiler-en-villa-ballester-2-ambientes--20238573,Argenprop,Villa Ballester
AP20241961,Departamento,540000,36,15000,2,1,Centro,CERRITO 2200,APPROX,-34.5743322,-58.5373517,https://www.argenprop.com/departamento-en-alquiler-en-centro-2-ambientes--20241961,Argenprop,San Martín Centro
AP19774305,Departamento,650000,47,13830,2,1,Villa Ballester,San Juan al 4400,APPROX,-34.5492798,-58.5491018,https://www.argenprop.com/departamento-en-alquiler-en-villa-ballester-2-ambientes--19774305,Argenprop,Villa Ballester
AP20058455,Departamento,750000,57,13158,3,2,Villa Ballester,Lacroze al 4900,APPROX,-34.5483607,-58.5538414,https://www.argenprop.com/departamento-en-alquiler-en-villa-ballester-3-ambientes--20058455,Argenprop,Villa Ballester
AP20206930,Departamento,500000,35,14286,1,,Jose Leon Suarez,Sáenz Peña al 3100,APPROX,-34.5525757,-58.60294,https://www.argenprop.com/departamento-en-alquiler-en-jose-leon-suarez-1-ambiente--20206930,Argenprop,Ciudad Jardín El Libertador
AP18139478,Departamento,900000,65,13846,3,2,Villa Ballester,"Buenos Aires 5000, Piso 6°",APPROX,-34.5457295,-58.5518074,https://www.argenprop.com/departamento-en-alquiler-en-villa-ballester-3-ambientes--18139478,Argenprop,Villa Ballester
AP20015490,Departamento,700000,60,11667,3,2,General San Martin,"Ituzaingo 1800, Piso 1°",APPROX,-34.537038,-58.554183,https://www.argenprop.com/departamento-en-alquiler-en-general-san-martin-3-ambientes--20015490,Argenprop,Villa Gregoria Matorras
AP2416825,Departamento,500000,38,13158,1,,Villa Ballester,"61-LACROZE 4600, Piso 2",APPROX,-34.5436807,-58.5596234,https://www.argenprop.com/departamento-en-alquiler-en-villa-ballester-1-ambiente--2416825,Argenprop,Villa Ballester
AP4808175,Departamento,630000,50,12600,2,1,Villa Ballester,"Almirante Brown 3100, Piso 3",APPROX,-34.5549408,-58.5536545,https://www.argenprop.com/departamento-en-alquiler-en-villa-ballester-2-ambientes--4808175,Argenprop,Villa Las Heras
AP16112564,Departamento,580000,42,13810,2,1,Villa Ballester,Pacífico Rodriguez 4900,APPROX,-34.5491738,-58.5547677,https://www.argenprop.com/departamento-en-alquiler-en-villa-ballester-2-ambientes--16112564,Argenprop,Villa Ballester
AP20223944,Departamento,880000,72,12222,3,2,Villa Ballester,Alvear 2300,APPROX,-34.546627,-58.550358,https://www.argenprop.com/departamento-en-alquiler-en-villa-ballester-3-ambientes--20223944,Argenprop,Villa Ballester
AP19635522,Departamento,990000,90,11000,3,2,Villa Ballester,"Pacifico Rodriguez 4900, Piso 2°",APPROX,-34.5491738,-58.5547677,https://www.argenprop.com/departamento-en-alquiler-en-villa-ballester-3-ambientes--19635522,Argenprop,Villa Ballester
AP20157855,Departamento,1300000,90,14444,3,2,Centro,"Salguero 2100, Piso 1°",APPROX,-34.572724,-58.5407717,https://www.argenprop.com/departamento-en-alquiler-en-centro-3-ambientes--20157855,Argenprop,San Martín Centro
AP20221651,Departamento,580000,50,11600,2,1,Villa Ballester,Alvear 1500,APPROX,-34.54158,-58.544417,https://www.argenprop.com/departamento-en-alquiler-en-villa-ballester-2-ambientes--20221651,Argenprop,Villa Gregoria Matorras
AP19184841,Departamento,650000,45,14444,2,1,Villa Ballester,Pacifico Rodriguez al 4900,APPROX,-34.5465006,-58.5579296,https://www.argenprop.com/departamento-en-alquiler-en-villa-ballester-2-ambientes--19184841,Argenprop,Villa Ballester
AP15826544,Departamento,620000,43,14419,2,1,General San Martin,"Bernardino Rivadavia 3600, Piso 6",APPROX,-34.573137,-58.539996,https://www.argenprop.com/departamento-en-alquiler-en-general-san-martin-2-ambientes--15826544,Argenprop,San Martín Centro
AP19474270,Departamento,630000,47,13404,3,2,General San Martin,"Bonifacini 1900, Piso 1°",APPROX,-34.5775558,-58.5349724,https://www.argenprop.com/departamento-en-alquiler-en-general-san-martin-3-ambientes--19474270,Argenprop,San Martín Centro
AP19827850,Departamento,400000,27,14815,1,,Centro,Caseros 2100,APPROX,-34.5481207,-58.5639168,https://www.argenprop.com/departamento-en-alquiler-en-centro-1-ambiente--19827850,Argenprop,Villa Guido
AP16792391,Departamento,400000,33,12121,1,,Centro,"Moreno 3300, Piso 3°",APPROX,-34.5315018,-58.5553037,https://www.argenprop.com/departamento-en-alquiler-en-centro-1-ambiente--16792391,Argenprop,Villa Gregoria Matorras
AP20163706,Departamento,600000,45,13333,2,1,Centro,"Cochabamba 2200, Piso 7°",APPROX,-34.5736706,-58.536567,https://www.argenprop.com/departamento-en-alquiler-en-centro-2-ambientes--20163706,Argenprop,San Martín Centro
AP19870488,Departamento,470000,35,13429,1,,Villa Ballester,"Vicente López 3000, Piso 3",APPROX,-34.5524335,-58.5562722,https://www.argenprop.com/departamento-en-alquiler-en-villa-ballester-1-ambiente--19870488,Argenprop,Villa Guido
AP20093057,Departamento,350000,30,11667,1,,Billinghurst,Suipacha 5900,APPROX,-34.57205,-58.579503,https://www.argenprop.com/departamento-en-alquiler-en-billinghurst-1-ambiente--20093057,Argenprop,Billinghurst
AP19874430,Departamento,1150000,102,11275,3,2,Centro,Sarmiento 1900,APPROX,-34.57632,-58.533445,https://www.argenprop.com/departamento-en-alquiler-en-centro-3-ambientes--19874430,Argenprop,San Martín Centro
AP20215229,Departamento,570000,40,14250,2,1,Billinghurst,Guido Spano al 5500,APPROX,-34.5822012,-58.5726005,https://www.argenprop.com/departamento-en-alquiler-en-billinghurst-2-ambientes--20215229,Argenprop,Billinghurst
AP20215116,Departamento,700000,60,11667,3,2,Villa Libertad,Av. Presidente Peron al 5800,APPROX,-34.5896507,-58.5640409,https://www.argenprop.com/departamento-en-alquiler-en-villa-libertad-3-ambientes--20215116,Argenprop,Villa Libertad
AP19826683,Departamento,850000,65,13077,3,2,Villa Ballester,Alberdi al 4400,APPROX,-34.5504415,-58.5512641,https://www.argenprop.com/departamento-en-alquiler-en-villa-ballester-3-ambientes--19826683,Argenprop,Villa Ballester
AP20190776,Departamento,590000,48,12292,2,1,Centro,"Cochabamba 2200, Piso 7",APPROX,-34.5736706,-58.536567,https://www.argenprop.com/departamento-en-alquiler-en-centro-2-ambientes--20190776,Argenprop,San Martín Centro
AP19310983,Departamento,420000,35,12000,1,,Villa Ballester,Republica 5000,APPROX,-34.5457295,-58.5518074,https://www.argenprop.com/departamento-en-alquiler-en-villa-ballester-1-ambiente--19310983,Argenprop,Villa Ballester
AP20069497,Departamento,550000,47,11702,2,1,Centro,"Félix Ballester 2200, Piso 3",APPROX,-34.578351,-58.541995,https://www.argenprop.com/departamento-en-alquiler-en-centro-2-ambientes--20069497,Argenprop,San Martín Centro
AP15622721,Departamento,650000,45,14444,3,2,Villa Ballester,"Pueyrredón 1900, Piso 1",APPROX,-34.5511206,-58.5534574,https://www.argenprop.com/departamento-en-alquiler-en-villa-ballester-3-ambientes--15622721,Argenprop,Villa Ballester
AP20139111,Departamento,570000,40,14250,2,1,Villa Ballester,C 41 ITALIA 200,APPROX,-34.5366112,-58.5563112,https://www.argenprop.com/departamento-en-alquiler-en-villa-ballester-2-ambientes--20139111,Argenprop,Villa Gregoria Matorras
AP20185694,Departamento,500000,45,11111,2,1,Centro,Pellegrini 1700,APPROX,-34.5812574,-58.5352372,https://www.argenprop.com/departamento-en-alquiler-en-centro-2-ambientes--20185694,Argenprop,San Martín Centro
AP19459397,Departamento,750000,55,13636,3,2,Centro,Pellegrini 2000,APPROX,-34.578741,-58.538355,https://www.argenprop.com/departamento-en-alquiler-en-centro-3-ambientes--19459397,Argenprop,San Martín Centro
AP20164731,Departamento,400000,37,10811,2,1,General San Martin,Einstein 5400,APPROX,-34.554556,-58.592296,https://www.argenprop.com/departamento-en-alquiler-en-general-san-martin-2-ambientes--20164731,Argenprop,Ciudad Jardín El Libertador
AP20068068,Departamento,500000,35,14286,1,,Villa Ballester,Ballester 4800,APPROX,-34.54828,-58.552255,https://www.argenprop.com/departamento-en-alquiler-en-villa-ballester-1-ambiente--20068068,Argenprop,Villa Ballester
AP15682905,Departamento,550000,43,12791,1,,Centro,"Riobamba 2300, Piso 1°",APPROX,-34.571556,-58.535972,https://www.argenprop.com/departamento-en-alquiler-en-centro-1-ambiente--15682905,Argenprop,San Martín Centro
AP11054995,Departamento,690000,50,13800,2,1,Villa Ballester,Azopardo 4600,APPROX,-34.559822,-58.561277,https://www.argenprop.com/departamento-en-alquiler-en-villa-ballester-2-ambientes--11054995,Argenprop,Villa Las Heras
AP11984507,Departamento,350000,30,11667,1,,Villa Ballester,"Yapeyu 5200, Piso 1°",APPROX,-34.555279,-58.567111,https://www.argenprop.com/departamento-en-alquiler-en-villa-ballester-1-ambiente--11984507,Argenprop,Villa Guido
AP20003546,Departamento,320000,25,12800,1,,San Andres,Campos 1300,APPROX,-34.5625884,-58.5414089,https://www.argenprop.com/departamento-en-alquiler-en-san-andres-1-ambiente--20003546,Argenprop,Villa Marqués de Aguado
AP19729520,Departamento,380000,38,10000,2,1,Billinghurst,Primera Junta 5600,APPROX,-34.5723765,-58.5721568,https://www.argenprop.com/departamento-en-alquiler-en-billinghurst-2-ambientes--19729520,Argenprop,Billinghurst
AP18722401,Departamento,600000,52,11538,2,1,Villa Ballester,Independencia 4900,APPROX,-34.5498746,-58.5556224,https://www.argenprop.com/departamento-en-alquiler-en-villa-ballester-2-ambientes--18722401,Argenprop,Villa Ballester
AP19738806,Departamento,600000,60,10000,3,2,San Andres,Bolivia 3200,APPROX,-34.5616051,-58.5429855,https://www.argenprop.com/departamento-en-alquiler-en-san-andres-3-ambientes--19738806,Argenprop,San Andrés
AP16541684,Departamento,550000,38,14474,2,1,Villa Ballester,"Marengo 4500, Piso 1°",APPROX,-34.5519978,-58.5530827,https://www.argenprop.com/departamento-en-alquiler-en-villa-ballester-2-ambientes--16541684,Argenprop,Villa Ballester
AP19644056,Departamento,690000,54,12778,3,2,Villa Ballester,Sarmiento 6000,APPROX,-34.5363664,-58.5584316,https://www.argenprop.com/departamento-en-alquiler-en-villa-ballester-3-ambientes--19644056,Argenprop,Villa Ballester
AP20173962,Departamento,650000,53,12264,2,1,Villa Ballester,Enrique Marengo 4400,APPROX,-34.552612,-58.55233,https://www.argenprop.com/departamento-en-alquiler-en-villa-ballester-2-ambientes--20173962,Argenprop,Villa Ballester
AP20178641,Departamento,375000,40,9375,2,1,Villa Ballester,"Formosa 5600, Piso 1",APPROX,-34.551785,-58.570228,https://www.argenprop.com/departamento-en-alquiler-en-villa-ballester-2-ambientes--20178641,Argenprop,Villa Guido
AP19391218,Departamento,550000,50,11000,2,1,Jose Leon Suarez,12 de Octubre al 6500,APPROX,-34.5382326,-58.5733744,https://www.argenprop.com/departamento-en-alquiler-en-jose-leon-suarez-2-ambientes--19391218,Argenprop,Villa Godoy Cruz
AP20072010,Departamento,550000,53,10377,2,1,Jose Leon Suarez,Esmeralda al 7100,APPROX,-34.5338071,-58.576768,https://www.argenprop.com/departamento-en-alquiler-en-jose-leon-suarez-2-ambientes--20072010,Argenprop,Ciudad Jardín El Libertador
AP20173197,Departamento,1000000,69,14493,3,2,Centro,"Ayacucho 2200, Piso 8",APPROX,-34.5730379,-58.5358086,https://www.argenprop.com/departamento-en-alquiler-en-centro-3-ambientes--20173197,Argenprop,San Martín Centro
AP20064314,Departamento,900000,60,15000,3,2,Villa Maipu,Marcelo Torcuato de Alvear 1600,APPROX,-34.5679642,-58.5164324,https://www.argenprop.com/departamento-en-alquiler-en-villa-maipu-3-ambientes--20064314,Argenprop,Villa Maipu
AP19601793,Departamento,550000,50,11000,2,1,Centro,Pueyrredon al 4000,APPROX,-34.5712921,-58.5625402,https://www.argenprop.com/departamento-en-alquiler-en-centro-2-ambientes--19601793,Argenprop,Villa Pueyrredón
AP19234523,Departamento,300000,21,14286,1,,Villa Bonich,Suipacha 3900,APPROX,-34.571681,-58.564727,https://www.argenprop.com/departamento-en-alquiler-en-villa-bonich-1-ambiente--19234523,Argenprop,Villa Pueyrredón
AP13102467,Departamento,450000,30,15000,2,1,General San Martin,"Matheu 4700, Piso 1",APPROX,-34.5821077,-58.5466159,https://www.argenprop.com/departamento-en-alquiler-en-general-san-martin-2-ambientes--13102467,Argenprop,San Martín Centro
AP19983304,Departamento,570000,45,12667,2,1,Jose Leon Suarez,"C 75 ARTIGAS 6900, Piso 2",APPROX,-34.5428131,-58.5704839,https://www.argenprop.com/departamento-en-alquiler-en-jose-leon-suarez-2-ambientes--19983304,Argenprop,Villa Godoy Cruz
AP20005872,Departamento,750000,60,12500,3,2,Villa Ballester,Salta 3500,APPROX,-34.5468011,-58.5558899,https://www.argenprop.com/departamento-en-alquiler-en-villa-ballester-3-ambientes--20005872,Argenprop,Villa Ballester
AP19606673,Departamento,470000,34,13824,3,2,Jose Leon Suarez,Andres Lamas al 9600,APPROX,-34.5159685,-58.5722712,https://www.argenprop.com/departamento-en-alquiler-en-jose-leon-suarez-3-ambientes--19606673,Argenprop,Ciudad Jardín El Libertador
AP19163641,Departamento,600000,67,8955,3,2,Villa Ballester,Reconquista 3400,APPROX,-34.547334,-58.570235,https://www.argenprop.com/departamento-en-alquiler-en-villa-ballester-3-ambientes--19163641,Argenprop,Villa Sucre
AP19628357,Departamento,350000,28,12500,1,,Jose Leon Suarez,Roldan 2000,APPROX,-34.531548,-58.5719388,https://www.argenprop.com/departamento-en-alquiler-en-jose-leon-suarez-1-ambiente--19628357,Argenprop,Villa Ballester
AP19850273,Departamento,450000,30,15000,1,,Villa Ballester,11 de Septiembre 4700,APPROX,-34.5475587,-58.5746074,https://www.argenprop.com/departamento-en-alquiler-en-villa-ballester-1-ambiente--19850273,Argenprop,Villa Sucre
AP18968867,Departamento,550000,45,12222,2,1,Jose Leon Suarez,Sarmiento al 7500,APPROX,-34.5244394,-58.5730599,https://www.argenprop.com/departamento-en-alquiler-en-jose-leon-suarez-2-ambientes--18968867,Argenprop,Ciudad Jardín El Libertador
AP19302738,Departamento,480000,39,12308,2,1,Jose Leon Suarez,Buenos Aires al 7400,APPROX,-34.5301316,-58.5743316,https://www.argenprop.com/departamento-en-alquiler-en-jose-leon-suarez-2-ambientes--19302738,Argenprop,Villa Ballester
AP20120189,Departamento,750000,50,15000,2,1,San Andres,Diag Islas Malvinas 3100,APPROX,-34.5640862,-58.5419181,https://www.argenprop.com/departamento-en-alquiler-en-san-andres-2-ambientes--20120189,Argenprop,San Andrés
AP20053506,Departamento,580000,40,14500,2,1,Villa Ballester,Lacroze al 4600 entre Alvear y Pueyrredón,APPROX,-34.5347033,-58.5707398,https://www.argenprop.com/departamento-en-alquiler-en-villa-ballester-2-ambientes--20053506,Argenprop,Villa Ballester
AP20032866,Departamento,800000,64,12500,3,2,Centro,"Dr Ramón Carrillo 2200, Piso 4",APPROX,-34.5756372,-58.538923,https://www.argenprop.com/departamento-en-alquiler-en-centro-3-ambientes--20032866,Argenprop,San Martín Centro
AP20114041,Departamento,1300000,100,13000,4,3,Villa Ballester,Buenos aires al 4800,APPROX,-34.5488739,-58.5535749,https://www.argenprop.com/departamento-en-alquiler-en-villa-ballester-4-ambientes--20114041,Argenprop,Villa Ballester
AP20097959,Departamento,850000,60,14167,3,2,San Andres,"Salguero 2825 , Piso 1",APPROX,-34.569411,-58.5447994,https://www.argenprop.com/departamento-en-alquiler-en-san-andres-3-ambientes--20097959,Argenprop,San Andrés
AP19954489,Departamento,600000,40,15000,1,1,Centro,"Matheu 3800, Piso 4",APPROX,-34.5761684,-58.5396121,https://www.argenprop.com/departamento-en-alquiler-en-centro-1-ambiente--19954489,Argenprop,San Martín Centro
AP19281877,Departamento,580000,48,12083,2,1,Villa Ballester,"Independencia 4900, Piso 1",APPROX,-34.5498746,-58.5556224,https://www.argenprop.com/departamento-en-alquiler-en-villa-ballester-2-ambientes--19281877,Argenprop,Villa Ballester
AP19246404,Departamento,550000,45,12222,2,1,San Andres,"Dr. Ramón Carrillo 3000, Piso 1",APPROX,-34.56914,-58.547739,https://www.argenprop.com/departamento-en-alquiler-en-san-andres-2-ambientes--19246404,Argenprop,San Andrés
AP17519643,Casa,2200000,267,8240,6,3,Villa Ballester,Alberdi 4000 100,APPROX,-34.554118,-58.546882,https://www.argenprop.com/casa-en-alquiler-en-villa-ballester-4-ambientes--17519643,Argenprop,Villa Ballester
AP20263344,Casa,950000,134,7090,3,2,Loma Hermosa,Mendoza 6400,APPROX,-34.55812,-58.590194,https://www.argenprop.com/casa-en-alquiler-en-loma-hermosa-3-ambientes--20263344,Argenprop,Ciudad Jardín El Libertador
AP19647412,Casa,990000,80,12375,3,2,Chilavert,Mónaco 3700,APPROX,-34.546792,-58.57549,https://www.argenprop.com/casa-en-alquiler-en-chilavert-3-ambientes--19647412,Argenprop,Villa Sucre
AP20248016,Casa,2500000,200,12500,6,4,San Andres,Adelina Hue 3500,APPROX,-34.566391,-58.546676,https://www.argenprop.com/casa-en-alquiler-en-san-andres-5-ambientes--20248016,Argenprop,San Andrés
AP20242387,Casa,1250000,200,6250,4,3,Villa Ballester,Castelli al 4300,APPROX,-34.5589823,-58.5607423,https://www.argenprop.com/casa-en-alquiler-en-villa-ballester-4-ambientes--20242387,Argenprop,Villa Las Heras
AP19803500,Casa,750000,70,10714,3,2,Villa Ballester,Junin 3300,APPROX,-34.5483532,-58.5679027,https://www.argenprop.com/casa-en-alquiler-en-villa-ballester-3-ambientes--19803500,Argenprop,Villa Sucre
AP19894434,Casa,1700000,122,13934,3,2,Villa Ballester,General Paz 2600,APPROX,-34.546771,-58.555544,https://www.argenprop.com/casa-en-alquiler-en-villa-ballester-3-ambientes--19894434,Argenprop,Villa Ballester
AP19997253,Casa,1800000,180,10000,4,3,Villa Ballester,Roca 3300,APPROX,-34.5286925,-58.5723417,https://www.argenprop.com/casa-en-alquiler-en-villa-ballester-4-ambientes--19997253,Argenprop,Villa Ballester
AP20009470,Casa,3000000,450,6667,7,6,Villa Ballester,Boulevard Ballester 5100,APPROX,-34.546207,-58.554842,https://www.argenprop.com/casa-en-alquiler-en-villa-ballester-5-ambientes--20009470,Argenprop,Villa Ballester
AP19952063,Casa,1450000,100,14500,3,2,Centro,"Oscar Salguero 2600, Piso PB",APPROX,-34.5715453,-58.5423162,https://www.argenprop.com/casa-en-alquiler-en-centro-3-ambientes--19952063,Argenprop,San Andrés
AP20101843,Casa,3500000,298,11745,4,3,Centro,Moreno 3600,APPROX,-34.579118,-58.568772,https://www.argenprop.com/casa-en-alquiler-en-centro-4-ambientes--20101843,Argenprop,Billinghurst
AP19699099,Casa,3000000,298,10067,5,4,Centro,Moreno 3600,APPROX,-34.579118,-58.568772,https://www.argenprop.com/casa-en-alquiler-en-centro-5-ambientes--19699099,Argenprop,Billinghurst
AP20037839,Casa,450000,31,14516,2,1,Villa Ballester,San Jose De Flores 5200,APPROX,-34.5489288,-58.575206,https://www.argenprop.com/casa-en-alquiler-en-villa-ballester-2-ambientes--20037839,Argenprop,Villa Sucre
AP20067639,Casa,1100000,90,12222,4,3,Villa Ballester,Chivilcoy 5100,APPROX,-34.5407835,-58.548585,https://www.argenprop.com/casa-en-alquiler-en-villa-ballester-4-ambientes--20067639,Argenprop,Villa Gregoria Matorras
AP19628670,Casa,800000,91,8791,3,2,Jose Leon Suarez,Gorriti al 3300,APPROX,-34.53736,-58.5799872,https://www.argenprop.com/casa-en-alquiler-en-jose-leon-suarez-3-ambientes--19628670,Argenprop,Ciudad Jardín El Libertador
AP20120269,Casa,850000,75,11333,3,2,Villa Libertad,Primera Junta al 2600,APPROX,-34.5838479,-58.5651178,https://www.argenprop.com/casa-en-alquiler-en-villa-libertad-3-ambientes--20120269,Argenprop,Villa Libertad
AP19507013,Casa,900000,98,9184,3,2,Jose Leon Suarez,"Calcagno 3600, Piso P.B",APPROX,-34.5411219,-58.5781738,https://www.argenprop.com/casa-en-alquiler-en-jose-leon-suarez-3-ambientes--19507013,Argenprop,Villa Godoy Cruz
AP19691255,Casa,900000,110,8182,6,5,Jose Leon Suarez,Rawson al 2500,APPROX,-34.5307278,-58.5648872,https://www.argenprop.com/casa-en-alquiler-en-jose-leon-suarez-6-ambientes--19691255,Argenprop,Villa Ballester
AP20069189,Casa,900000,69,13043,3,2,Villa Maipu,PERDRIEL 1900,APPROX,-34.570505,-58.518476,https://www.argenprop.com/casa-en-alquiler-en-villa-maipu-3-ambientes--20069189,Argenprop,Villa Maipu
AP20059254,Casa,1100000,90,12222,4,3,Villa Ballester,Chivilcoy 5100,APPROX,-34.5407835,-58.548585,https://www.argenprop.com/casa-en-alquiler-en-villa-ballester-4-ambientes--20059254,Argenprop,Villa Gregoria Matorras
AP18511297,Casa,3400000,460,7391,11,7,San Andres Barrio Golf,Morello 3300,APPROX,-34.56426,-58.54819,https://www.argenprop.com/casa-en-alquiler-en-san-andres-barrio-golf-11-ambientes--18511297,Argenprop,San Andrés
AP19923410,Casa,600000,55,10909,2,1,Villa Ballester,31-TANDIL 4100,APPROX,-34.5475523,-58.5372073,https://www.argenprop.com/casa-en-alquiler-en-villa-ballester-2-ambientes--19923410,Argenprop,Villa Granaderos De San Martin
AP19457370,Casa,900000,80,11250,3,2,Villa Lynch,CASTELLI 2000,APPROX,-34.584022,-58.544591,https://www.argenprop.com/casa-en-alquiler-en-villa-lynch-3-ambientes--19457370,Argenprop,San Martín Centro
AP20260541,PH,600000,50,12000,2,1,Centro,Viacava 1000,APPROX,-34.593976,-58.540584,https://www.argenprop.com/ph-en-alquiler-en-centro-2-ambientes--20260541,Argenprop,Villa Monteagudo
AP20288386,PH,850000,90,9444,3,2,Villa Bernardo Monteagudo,"SAN CARLOS 5000 , Piso 1",APPROX,-34.5910611,-58.5391935,https://www.argenprop.com/ph-en-alquiler-en-villa-bernardo-monteagudo-3-ambientes--20288386,Argenprop,Villa Monteagudo
AP19988124,PH,850000,70,12143,3,2,Villa Bernardo Monteagudo,"VIACAVA 1078 , Piso 0",APPROX,-34.5933735,-58.5413223,https://www.argenprop.com/ph-en-alquiler-en-villa-bernardo-monteagudo-3-ambientes--19988124,Argenprop,Villa Monteagudo
AP20003488,PH,850000,70,12143,3,1,Villa Ballester,"Amancio alcorta 4392 , Piso 0",APPROX,-34.5422879,-58.5400713,https://www.argenprop.com/ph-en-alquiler-en-villa-ballester-3-ambientes--20003488,Argenprop,Villa Gregoria Matorras
AP20263114,PH,850000,70,12143,3,1,Villa Ballester,"Amancio alcorta 4392 , Piso 0",APPROX,-34.5422879,-58.5400713,https://www.argenprop.com/ph-en-alquiler-en-villa-ballester-3-ambientes--20263114,Argenprop,Villa Gregoria Matorras
AP20262727,PH,280000,20,14000,1,,Villa Coronel Zapiola,Avda. 9 De Julio 4100,APPROX,-34.5503878,-58.589816,https://www.argenprop.com/ph-en-alquiler-en-villa-coronel-zapiola-1-ambiente--20262727,Argenprop,Ciudad Jardín El Libertador
AP20057557,PH,740000,51,14510,2,1,Villa Ballester,"Chivilcoy 6300, Piso 1°",APPROX,-34.5407835,-58.548585,https://www.argenprop.com/ph-en-alquiler-en-villa-ballester-2-ambientes--20057557,Argenprop,Villa Gregoria Matorras
AP20112732,PH,620000,60,10333,2,1,Villa Ballester,Yapeyu 4800,APPROX,-34.55858,-58.562891,https://www.argenprop.com/ph-en-alquiler-en-villa-ballester-2-ambientes--20112732,Argenprop,Villa Guido
AP20023369,PH,670000,50,13400,2,1,Centro,"Riobamba 2100, Piso 1",APPROX,-34.572639,-58.5344563,https://www.argenprop.com/ph-en-alquiler-en-centro-2-ambientes--20023369,Argenprop,San Martín Centro
AP20223505,PH,390000,32,12188,3,2,Villa Ballester,Castelli 3900,APPROX,-34.5602131,-58.5616926,https://www.argenprop.com/ph-en-alquiler-en-villa-ballester-3-ambientes--20223505,Argenprop,Villa Las Heras
AP20254372,PH,600000,50,12000,3,2,Loma Hermosa,Parana 6500,APPROX,-34.5596906,-58.5920319,https://www.argenprop.com/ph-en-alquiler-en-loma-hermosa-3-ambientes--20254372,Argenprop,Ciudad Jardín El Libertador
AP20253883,PH,880000,60,14667,3,2,Lourdes,San Carlos 5000,APPROX,-34.5910611,-58.5391935,https://www.argenprop.com/ph-en-alquiler-en-lourdes-3-ambientes--20253883,Argenprop,Villa Monteagudo
AP18971972,PH,410000,35,11714,2,1,Villa Ballester,Zarate al 5400,APPROX,-34.5498659,-58.5786658,https://www.argenprop.com/ph-en-alquiler-en-villa-ballester-2-ambientes--18971972,Argenprop,Villa Guido
AP19928883,PH,1200000,80,15000,5,4,Centro,"Avenida Presidente Juan Domingo Perón 3600, Piso 1",APPROX,-34.5714117,-58.5421859,https://www.argenprop.com/ph-en-alquiler-en-centro-5-ambientes--19928883,Argenprop,San Andrés
AP20181871,PH,1500000,100,15000,3,2,Villa Ballester,Sargento Cabral 2200,APPROX,-34.5336964,-58.5555646,https://www.argenprop.com/ph-en-alquiler-en-villa-ballester-3-ambientes--20181871,Argenprop,Villa Gregoria Matorras
AP19647826,PH,450000,38,11842,2,1,Villa Ballester,Junin 4000,APPROX,-34.552633,-58.573005,https://www.argenprop.com/ph-en-alquiler-en-villa-ballester-2-ambientes--19647826,Argenprop,Villa Guido
AP19624757,PH,430000,35,12286,1,,Villa Lynch,Mitre 4600,APPROX,-34.5843324,-58.5476077,https://www.argenprop.com/ph-en-alquiler-en-villa-lynch-1-ambiente--19624757,Argenprop,San Martín Centro
AP19146174,PH,590000,48,12292,3,2,Villa Ballester,Congreso 3700,APPROX,-34.55996,-58.549215,https://www.argenprop.com/ph-en-alquiler-en-villa-ballester-3-ambientes--19146174,Argenprop,Villa Las Heras
AP20171850,PH,850000,64,13281,3,2,San Andres,Tucuman al 3200,APPROX,-34.5576442,-58.5876996,https://www.argenprop.com/ph-en-alquiler-en-san-andres-3-ambientes--20171850,Argenprop,Ciudad Jardín El Libertador
AP19955633,PH,500000,65,7692,2,1,Villa Ballester,Mitre 5600,APPROX,-34.5405077,-58.5636361,https://www.argenprop.com/ph-en-alquiler-en-villa-ballester-2-ambientes--19955633,Argenprop,Villa Ballester
AP19643914,PH,470000,55,8545,3,2,Billinghurst,Alvear 5700,APPROX,-34.574719,-58.571565,https://www.argenprop.com/ph-en-alquiler-en-billinghurst-3-ambientes--19643914,Argenprop,Billinghurst
AP20224205,PH,950000,80,11875,3,2,Villa Lynch,MITRE al 4500,APPROX,-34.5843324,-58.5476077,https://www.argenprop.com/ph-en-alquiler-en-villa-lynch-3-ambientes--20224205,Argenprop,San Martín Centro
AP20101560,PH,700000,70,10000,3,2,Jose Leon Suarez,Artigas 6900,APPROX,-34.540109,-58.576334,https://www.argenprop.com/ph-en-alquiler-en-jose-leon-suarez-3-ambientes--20101560,Argenprop,Villa Godoy Cruz
AP3672543,PH,1300000,105,12381,4,3,Villa Ballester,92- J V Gonzalez 2400,APPROX,-34.5289848,-58.5754297,https://www.argenprop.com/ph-en-alquiler-en-villa-ballester-4-ambientes--3672543,Argenprop,Ciudad Jardín El Libertador
AP19983684,PH,580000,70,8286,3,2,San Andres,Congreso al 3700,APPROX,-34.561482,-58.5471084,https://www.argenprop.com/ph-en-alquiler-en-san-andres-3-ambientes--19983684,Argenprop,San Andrés
AP20116821,PH,400000,45,8889,2,1,Billinghurst,Carlos pellegrini 6100,APPROX,-34.576611,-58.578468,https://www.argenprop.com/ph-en-alquiler-en-billinghurst-2-ambientes--20116821,Argenprop,Billinghurst
AP19548137,PH,490000,40,12250,2,1,San Andres,Caseros 2600,APPROX,-34.5742141,-58.5454332,https://www.argenprop.com/ph-en-alquiler-en-san-andres-2-ambientes--19548137,Argenprop,San Martín Centro
AP19700006,PH,490000,40,12250,2,1,Jose Leon Suarez,Profesor Aguer al 6900,APPROX,-34.5509336,-58.5582561,https://www.argenprop.com/ph-en-alquiler-en-jose-leon-suarez-2-ambientes--19700006,Argenprop,Villa Guido
AP18944303,PH,380000,36,10556,2,1,Villa Libertad,Primera Junta 2400,APPROX,-34.589196,-58.558935,https://www.argenprop.com/ph-en-alquiler-en-villa-libertad-2-ambientes--18944303,Argenprop,Villa Libertad
AP20163595,PH,800000,54,14815,2,1,Villa Ballester,República 5500,APPROX,-34.5420634,-58.556471,https://www.argenprop.com/ph-en-alquiler-en-villa-ballester-2-ambientes--20163595,Argenprop,Villa Ballester
AP19091472,PH,450000,44,10227,3,2,Loma Hermosa,Lujan 500,APPROX,-34.5631605,-58.5938672,https://www.argenprop.com/ph-en-alquiler-en-loma-hermosa-3-ambientes--19091472,Argenprop,Ciudad Jardín El Libertador
AP19781092,PH,1000000,100,10000,4,2,Villa Maipu,Conscripto Bernardi 1600,APPROX,-34.57496,-58.525473,https://www.argenprop.com/ph-en-alquiler-en-villa-maipu-3-ambientes--19781092,Argenprop,Villa Maipu
AP19223963,PH,1500000,125,12000,4,2,Centro,Caseros 2500,APPROX,-34.575139,-58.544423,https://www.argenprop.com/ph-en-alquiler-en-centro-3-ambientes--19223963,Argenprop,San Martín Centro
AP19949548,PH,550000,42,13095,2,1,Villa Ballester,Villarroel 5400,APPROX,-34.536496,-58.5484,https://www.argenprop.com/ph-en-alquiler-en-villa-ballester-2-ambientes--19949548,Argenprop,Villa Gregoria Matorras
AP14939932,PH,450000,45,10000,2,1,Jose Leon Suarez,Santa Cruz 2700,APPROX,-34.535062,-58.571886,https://www.argenprop.com/ph-en-alquiler-en-jose-leon-suarez-2-ambientes--14939932,Argenprop,Villa Ballester
AP12642474,PH,300000,30,10000,2,1,Villa Bonich,Guido Spano 5300,APPROX,-34.574699,-58.56371,https://www.argenprop.com/ph-en-alquiler-en-villa-bonich-2-ambientes--12642474,Argenprop,Villa Pueyrredón
AP19728150,PH,580000,40,14500,2,1,Loma Hermosa,Parana 6300,APPROX,-34.5603938,-58.5893007,https://www.argenprop.com/ph-en-alquiler-en-loma-hermosa-2-ambientes--19728150,Argenprop,Ciudad Jardín El Libertador
AP20183047,PH,650000,51,12745,2,1,Villa Ballester,Lynch Pueyrredon 4400,APPROX,-34.5652001,-58.5641047,https://www.argenprop.com/ph-en-alquiler-en-villa-ballester-2-ambientes--20183047,Argenprop,Villa Pueyrredón
AP18566503,PH,620000,60,10333,3,2,Villa Ballester,"Congreso 400, Piso 1°",APPROX,-34.5669635,-58.5402898,https://www.argenprop.com/ph-en-alquiler-en-villa-ballester-3-ambientes--18566503,Argenprop,San Andrés
AP19996668,PH,650000,45,14444,2,1,San Andres,Tucuman 2600,APPROX,-34.5735516,-58.5447089,https://www.argenprop.com/ph-en-alquiler-en-san-andres-2-ambientes--19996668,Argenprop,Villa Yapeyú
AP20125368,PH,1450000,100,14500,4,3,Villa Ballester,Profesor Aguer 4900,APPROX,-34.5509336,-58.5582561,https://www.argenprop.com/ph-en-alquiler-en-villa-ballester-4-ambientes--20125368,Argenprop,Villa Guido
AP19961304,PH,1200000,90,13333,3,3,General San Martin,Rivadavia al 4300,APPROX,-34.5720473,-58.5362572,https://www.argenprop.com/ph-en-alquiler-en-general-san-martin-3-ambientes--19961304,Argenprop,San Martín Centro
AP20159201,PH,600000,60,10000,2,1,Villa Ballester,Cuba 4200,APPROX,-34.5555127,-58.5712695,https://www.argenprop.com/ph-en-alquiler-en-villa-ballester-2-ambientes--20159201,Argenprop,Villa Guido
AP19950460,PH,950000,80,11875,4,3,Villa Ballester,Agustin Alvarez 2300,APPROX,-34.553847,-58.541406,https://www.argenprop.com/ph-en-alquiler-en-villa-ballester-4-ambientes--19950460,Argenprop,Villa Ballester
AP20105929,PH,800000,75,10667,3,2,Jose Leon Suarez,Aristobulo del valle al 7059,APPROX,-34.5511686,-58.5641824,https://www.argenprop.com/ph-en-alquiler-en-jose-leon-suarez-3-ambientes--20105929,Argenprop,Villa Guido
AP19518856,PH,400000,40,10000,1,,Villa Ballester,"112- VICENTE LOPEZ 4000, Piso PB",APPROX,-34.559712,-58.564185,https://www.argenprop.com/ph-en-alquiler-en-villa-ballester-1-ambiente--19518856,Argenprop,Villa Guido
AP20091819,PH,700000,55,12727,3,2,General San Martin,CONGRESO al 3789,APPROX,-34.5568771,-58.5529437,https://www.argenprop.com/ph-en-alquiler-en-general-san-martin-3-ambientes--20091819,Argenprop,Villa Las Heras
AP19782071,PH,890000,80,11125,3,2,Villa Lynch,BOULOGNE SUR MER al 5000,APPROX,-34.5229786,-58.5805189,https://www.argenprop.com/ph-en-alquiler-en-villa-lynch-3-ambientes--19782071,Argenprop,Ciudad Jardín El Libertador
AP12432192,PH,750000,60,12500,3,2,San Andres Barrio Golf,"French 2400, Piso PB",APPROX,-34.5660815,-58.53166,https://www.argenprop.com/ph-en-alquiler-en-san-andres-barrio-golf-3-ambientes--12432192,Argenprop,Villa Maipu
AP19801400,PH,1100000,78,14103,3,2,Villa Ballester,"Independencia 4700, Piso 2",APPROX,-34.5509291,-58.5543391,https://www.argenprop.com/ph-en-alquiler-en-villa-ballester-3-ambientes--19801400,Argenprop,Villa Ballester
AP19613216,PH,300000,20,15000,1,,Villa Ballester,"Almirante Brown 3016 , Provincia de Buenos Aires, 100",APPROX,-34.5519426,-58.5575687,https://www.argenprop.com/ph-en-alquiler-en-villa-ballester-1-ambiente--19613216,Argenprop,Villa Guido
AP19953501,PH,650000,47,13830,3,2,Villa Ballester,Lavalle al 1600,APPROX,-34.5463469,-58.5527333,https://www.argenprop.com/ph-en-alquiler-en-villa-ballester-3-ambientes--19953501,Argenprop,Villa Ballester
AP19981462,PH,350000,30,11667,1,,Jose Leon Suarez,Matheu 1200,APPROX,-34.508864,-58.5786357,https://www.argenprop.com/ph-en-alquiler-en-jose-leon-suarez-1-ambiente--19981462,Argenprop,Jose Leon Suarez
AP19963921,PH,400000,35,11429,2,1,Villa Bonich,"Adelina Hue 4900, Piso PB",APPROX,-34.575883,-58.557523,https://www.argenprop.com/ph-en-alquiler-en-villa-bonich-2-ambientes--19963921,Argenprop,Villa Pueyrredón
AP19440269,PH,400000,34,11765,2,1,Villa Ballester,Colon 3600,APPROX,-34.5511401,-58.5614535,https://www.argenprop.com/ph-en-alquiler-en-villa-ballester-2-ambientes--19440269,Argenprop,Villa Guido
AP19841461,PH,650000,45,14444,2,1,Villa Ballester,Sargento Cabral al 1300,APPROX,-34.5336964,-58.5555646,https://www.argenprop.com/ph-en-alquiler-en-villa-ballester-3-ambientes--19841461,Argenprop,Villa Gregoria Matorras
AP15284183,PH,630000,47,13404,2,1,Villa Ballester,Enrique Marengo 4500,APPROX,-34.5519978,-58.5530827,https://www.argenprop.com/ph-en-alquiler-en-villa-ballester-2-ambientes--15284183,Argenprop,Villa Ballester
AP17367104,PH,500000,50,10000,3,2,Villa Granaderos de San Martin,R. BALBIN 4900,APPROX,-34.5660246,-58.5639894,https://www.argenprop.com/ph-en-alquiler-en-villa-granaderos-de-san-martin-3-ambientes--17367104,Argenprop,Villa Pueyrredón
AP19771050,PH,450000,40,11250,2,1,General San Martin,Avenida Ricardo Balbin 5600,APPROX,-34.5626954,-58.5916274,https://www.argenprop.com/ph-en-alquiler-en-general-san-martin-2-ambientes--19771050,Argenprop,Ciudad Jardín El Libertador
AP19774398,PH,400000,50,8000,3,2,Villa Ballester,Avenida Ricardo Balbin 4900,APPROX,-34.5624168,-58.5891919,https://www.argenprop.com/ph-en-alquiler-en-villa-ballester-3-ambientes--19774398,Argenprop,Ciudad Jardín El Libertador
AP8086640,PH,460000,45,10222,2,1,Villa Libertad,"Posadas 3200, Piso 1",APPROX,-34.581002,-58.564734,https://www.argenprop.com/ph-en-alquiler-en-villa-libertad-2-ambientes--8086640,Argenprop,Villa Libertad
AP19741985,PH,1000000,100,10000,3,2,Villa Lynch,Avellaneda al 2400,APPROX,-34.5395591,-58.5673195,https://www.argenprop.com/ph-en-alquiler-en-villa-lynch-3-ambientes--19741985,Argenprop,Villa Ballester
AP19646987,PH,715000,50,14300,3,2,Villa Lynch,Suipacha al 2400,APPROX,-34.5747751,-58.5829311,https://www.argenprop.com/ph-en-alquiler-en-villa-lynch-3-ambientes--19646987,Argenprop,Billinghurst
